"Year","State","State_ab","Population"
1948,"Alabama             ","AL",2959000
1948,"Alaska              ","AK",
1948,"Arizona             ","AZ",680000
1948,"Arkansas            ","AR",1824000
1948,"California          ","CA",9895000
1948,"Colorado            ","CO",1249000
1948,"Connecticut         ","CT",2007999.875
1948,"Delaware            ","DE",311000
1948,"Florida             ","FL",2537000
1948,"Georgia             ","GA",3235000
1948,"Hawaii              ","HI",
1948,"Idaho               ","ID",551000
1948,"Illinois            ","IL",8503000
1948,"Indiana             ","IN",3875000
1948,"Iowa                ","IA",2542000
1948,"Kansas              ","KS",1878000
1948,"Kentucky            ","KY",2790000
1948,"Louisiana           ","LA",2584000
1948,"Maine               ","ME",875000
1948,"Maryland            ","MD",2241000
1948,"Massachusetts       ","MA",4656000
1948,"Michigan            ","MI",6206000
1948,"Minnesota           ","MN",2867000
1948,"Mississippi         ","MS",2066000
1948,"Missouri            ","MO",3841000
1948,"Montana             ","MT",539000
1948,"Nebraska            ","NE",1261000
1948,"Nevada              ","NV",155000
1948,"New Hampshire       ","NH",517000
1948,"New Jersey          ","NJ",4735000
1948,"New Mexico          ","NM",595000
1948,"New York            ","NY",14465000
1948,"North Carolina      ","NC",3796000
1948,"North Dakota        ","ND",580000
1948,"Ohio                ","OH",7865000
1948,"Oklahoma            ","OK",2079000
1948,"Oregon              ","OR",1404000
1948,"Pennsylvania        ","PA",10271000
1948,"Rhode Island        ","RI",773000
1948,"South Carolina      ","SC",1960000
1948,"South Dakota        ","SD",609000
1948,"Tennessee           ","TN",3207000
1948,"Texas               ","TX",7547000
1948,"Utah                ","UT",650000
1948,"Vermont             ","VT",359000
1948,"Virginia            ","VA",3121000
1948,"Washington          ","WA",2218000
1948,"West Virginia       ","WV",1899000
1948,"Wisconsin           ","WI",3313000
1948,"Wyoming             ","WY",263000
1949,"Alabama             ","AL",2992000
1949,"Alaska              ","AK",
1949,"Arizona             ","AZ",706000
1949,"Arkansas            ","AR",1834000
1949,"California          ","CA",10161000
1949,"Colorado            ","CO",1278000
1949,"Connecticut         ","CT",2026000
1949,"Delaware            ","DE",315000
1949,"Florida             ","FL",2623000
1949,"Georgia             ","GA",3281000
1949,"Hawaii              ","HI",
1949,"Idaho               ","ID",567000
1949,"Illinois            ","IL",8629000
1949,"Indiana             ","IN",3955000
1949,"Iowa                ","IA",2578000
1949,"Kansas              ","KS",1898000
1949,"Kentucky            ","KY",2819000
1949,"Louisiana           ","LA",2621000
1949,"Maine               ","ME",899000
1949,"Maryland            ","MD",2296000
1949,"Massachusetts       ","MA",4717000
1949,"Michigan            ","MI",6324000
1949,"Minnesota           ","MN",2934000
1949,"Mississippi         ","MS",2075000
1949,"Missouri            ","MO",3880000
1949,"Montana             ","MT",565000
1949,"Nebraska            ","NE",1299000
1949,"Nevada              ","NV",155000
1949,"New Hampshire       ","NH",529000
1949,"New Jersey          ","NJ",4842000
1949,"New Mexico          ","NM",634000
1949,"New York            ","NY",14863000
1949,"North Carolina      ","NC",3857000
1949,"North Dakota        ","ND",597000
1949,"Ohio                ","OH",7964000
1949,"Oklahoma            ","OK",2091000
1949,"Oregon              ","OR",1429000
1949,"Pennsylvania        ","PA",10375000
1949,"Rhode Island        ","RI",783000
1949,"South Carolina      ","SC",2004000
1949,"South Dakota        ","SD",628000
1949,"Tennessee           ","TN",3225000
1949,"Texas               ","TX",7505000
1949,"Utah                ","UT",669000
1949,"Vermont             ","VT",369000
1949,"Virginia            ","VA",3186000
1949,"Washington          ","WA",2234000
1949,"West Virginia       ","WV",1930000
1949,"Wisconsin           ","WI",3390000
1949,"Wyoming             ","WY",272000
1950,"Alabama             ","AL",3058000
1950,"Alaska              ","AK",135000
1950,"Arizona             ","AZ",756000
1950,"Arkansas            ","AR",1908000
1950,"California          ","CA",10677000
1950,"Colorado            ","CO",1325000
1950,"Connecticut         ","CT",2016000
1950,"Delaware            ","DE",321000
1950,"Florida             ","FL",2810000
1950,"Georgia             ","GA",3458000
1950,"Hawaii              ","HI",498000
1950,"Idaho               ","ID",590000
1950,"Illinois            ","IL",8738000
1950,"Indiana             ","IN",3967000
1950,"Iowa                ","IA",2625000
1950,"Kansas              ","KS",1916000
1950,"Kentucky            ","KY",2936000
1950,"Louisiana           ","LA",2697000
1950,"Maine               ","ME",917000
1950,"Maryland            ","MD",2355000
1950,"Massachusetts       ","MA",4686000
1950,"Michigan            ","MI",6407000
1950,"Minnesota           ","MN",2997000
1950,"Mississippi         ","MS",2176000
1950,"Missouri            ","MO",3964000
1950,"Montana             ","MT",593000
1950,"Nebraska            ","NE",1327000
1950,"Nevada              ","NV",162000
1950,"New Hampshire       ","NH",532000
1950,"New Jersey          ","NJ",4872000
1950,"New Mexico          ","NM",689000
1950,"New York            ","NY",14865000
1950,"North Carolina      ","NC",4067999.75
1950,"North Dakota        ","ND",619000
1950,"Ohio                ","OH",7980000
1950,"Oklahoma            ","OK",2229000
1950,"Oregon              ","OR",1532000
1950,"Pennsylvania        ","PA",10507000
1950,"Rhode Island        ","RI",786000
1950,"South Carolina      ","SC",2113000
1950,"South Dakota        ","SD",655000
1950,"Tennessee           ","TN",3315000
1950,"Texas               ","TX",7776000
1950,"Utah                ","UT",696000
1950,"Vermont             ","VT",379000
1950,"Virginia            ","VA",3315000
1950,"Washington          ","WA",2387000
1950,"West Virginia       ","WV",2006000
1950,"Wisconsin           ","WI",3438000
1950,"Wyoming             ","WY",290000
1951,"Alabama             ","AL",3059000
1951,"Alaska              ","AK",158000
1951,"Arizona             ","AZ",785000
1951,"Arkansas            ","AR",1901000
1951,"California          ","CA",11134000
1951,"Colorado            ","CO",1326000
1951,"Connecticut         ","CT",2028000.125
1951,"Delaware            ","DE",331000
1951,"Florida             ","FL",2980000
1951,"Georgia             ","GA",3531000
1951,"Hawaii              ","HI",514000
1951,"Idaho               ","ID",589000
1951,"Illinois            ","IL",8790000
1951,"Indiana             ","IN",4096000
1951,"Iowa                ","IA",2617000
1951,"Kansas              ","KS",1950000
1951,"Kentucky            ","KY",2941000
1951,"Louisiana           ","LA",2769000
1951,"Maine               ","ME",916000
1951,"Maryland            ","MD",2441000
1951,"Massachusetts       ","MA",4654000
1951,"Michigan            ","MI",6497000
1951,"Minnesota           ","MN",3010000
1951,"Mississippi         ","MS",2163000
1951,"Missouri            ","MO",4014999.75
1951,"Montana             ","MT",596000
1951,"Nebraska            ","NE",1316000
1951,"Nevada              ","NV",168000
1951,"New Hampshire       ","NH",529000
1951,"New Jersey          ","NJ",5006000
1951,"New Mexico          ","NM",717000
1951,"New York            ","NY",14890000
1951,"North Carolina      ","NC",4120000
1951,"North Dakota        ","ND",604000
1951,"Ohio                ","OH",8061000
1951,"Oklahoma            ","OK",2210000
1951,"Oregon              ","OR",1556000
1951,"Pennsylvania        ","PA",10461000
1951,"Rhode Island        ","RI",784000
1951,"South Carolina      ","SC",2167000
1951,"South Dakota        ","SD",655000
1951,"Tennessee           ","TN",3372000
1951,"Texas               ","TX",8111000
1951,"Utah                ","UT",706000
1951,"Vermont             ","VT",378000
1951,"Virginia            ","VA",3434000
1951,"Washington          ","WA",2424000
1951,"West Virginia       ","WV",1984000
1951,"Wisconsin           ","WI",3439000
1951,"Wyoming             ","WY",291000
1952,"Alabama             ","AL",3068000
1952,"Alaska              ","AK",189000
1952,"Arizona             ","AZ",842000
1952,"Arkansas            ","AR",1838000
1952,"California          ","CA",11635000
1952,"Colorado            ","CO",1365000
1952,"Connecticut         ","CT",2081000
1952,"Delaware            ","DE",341000
1952,"Florida             ","FL",3157000
1952,"Georgia             ","GA",3584000
1952,"Hawaii              ","HI",517000
1952,"Idaho               ","ID",587000
1952,"Illinois            ","IL",8956000
1952,"Indiana             ","IN",4148000
1952,"Iowa                ","IA",2626000
1952,"Kansas              ","KS",1977000
1952,"Kentucky            ","KY",2920000
1952,"Louisiana           ","LA",2842000
1952,"Maine               ","ME",915000
1952,"Maryland            ","MD",2500000
1952,"Massachusetts       ","MA",4650000
1952,"Michigan            ","MI",6650000
1952,"Minnesota           ","MN",3030000
1952,"Mississippi         ","MS",2152000
1952,"Missouri            ","MO",3972000
1952,"Montana             ","MT",602000
1952,"Nebraska            ","NE",1311000
1952,"Nevada              ","NV",181000
1952,"New Hampshire       ","NH",535000
1952,"New Jersey          ","NJ",5125000
1952,"New Mexico          ","NM",735000
1952,"New York            ","NY",15192000
1952,"North Carolina      ","NC",4109000
1952,"North Dakota        ","ND",608000
1952,"Ohio                ","OH",8275000
1952,"Oklahoma            ","OK",2219000
1952,"Oregon              ","OR",1582000
1952,"Pennsylvania        ","PA",10503000
1952,"Rhode Island        ","RI",802000
1952,"South Carolina      ","SC",2178000
1952,"South Dakota        ","SD",651000
1952,"Tennessee           ","TN",3352000
1952,"Texas               ","TX",8314000
1952,"Utah                ","UT",724000
1952,"Vermont             ","VT",375000
1952,"Virginia            ","VA",3504000
1952,"Washington          ","WA",2448000
1952,"West Virginia       ","WV",1957000
1952,"Wisconsin           ","WI",3469000
1952,"Wyoming             ","WY",293000
1953,"Alabama             ","AL",3053000
1953,"Alaska              ","AK",205000
1953,"Arizona             ","AZ",894000
1953,"Arkansas            ","AR",1780000
1953,"California          ","CA",12251000
1953,"Colorado            ","CO",1431000
1953,"Connecticut         ","CT",2168000
1953,"Delaware            ","DE",351000
1953,"Florida             ","FL",3310000
1953,"Georgia             ","GA",3558000
1953,"Hawaii              ","HI",510000
1953,"Idaho               ","ID",596000
1953,"Illinois            ","IL",9065000
1953,"Indiana             ","IN",4182000
1953,"Iowa                ","IA",2629000
1953,"Kansas              ","KS",1994000
1953,"Kentucky            ","KY",2903000
1953,"Louisiana           ","LA",2866000
1953,"Maine               ","ME",913000
1953,"Maryland            ","MD",2567000
1953,"Massachusetts       ","MA",4806000
1953,"Michigan            ","MI",6822000
1953,"Minnesota           ","MN",3050000
1953,"Mississippi         ","MS",2105000
1953,"Missouri            ","MO",4020000
1953,"Montana             ","MT",616000
1953,"Nebraska            ","NE",1318000
1953,"Nevada              ","NV",195000
1953,"New Hampshire       ","NH",547000
1953,"New Jersey          ","NJ",5229000
1953,"New Mexico          ","NM",756000
1953,"New York            ","NY",15527000
1953,"North Carolina      ","NC",4120000
1953,"North Dakota        ","ND",609000
1953,"Ohio                ","OH",8591000
1953,"Oklahoma            ","OK",2182000
1953,"Oregon              ","OR",1601000
1953,"Pennsylvania        ","PA",10662000
1953,"Rhode Island        ","RI",815000
1953,"South Carolina      ","SC",2181000
1953,"South Dakota        ","SD",648000
1953,"Tennessee           ","TN",3319000
1953,"Texas               ","TX",8336000
1953,"Utah                ","UT",739000
1953,"Vermont             ","VT",379000
1953,"Virginia            ","VA",3557000
1953,"Washington          ","WA",2466000
1953,"West Virginia       ","WV",1929000
1953,"Wisconsin           ","WI",3506000
1953,"Wyoming             ","WY",290000
1954,"Alabama             ","AL",3014000
1954,"Alaska              ","AK",215000
1954,"Arizona             ","AZ",933000
1954,"Arkansas            ","AR",1734000
1954,"California          ","CA",12746000
1954,"Colorado            ","CO",1493000
1954,"Connecticut         ","CT",2249000
1954,"Delaware            ","DE",368000
1954,"Florida             ","FL",3505000
1954,"Georgia             ","GA",3602000
1954,"Hawaii              ","HI",505000
1954,"Idaho               ","ID",6e+05
1954,"Illinois            ","IL",9252000
1954,"Indiana             ","IN",4264000
1954,"Iowa                ","IA",2626000
1954,"Kansas              ","KS",2042000
1954,"Kentucky            ","KY",2902000
1954,"Louisiana           ","LA",2883000
1954,"Maine               ","ME",927000
1954,"Maryland            ","MD",2685000
1954,"Massachusetts       ","MA",4910000
1954,"Michigan            ","MI",7066000
1954,"Minnesota           ","MN",3113000
1954,"Mississippi         ","MS",2064000
1954,"Missouri            ","MO",4066000
1954,"Montana             ","MT",624000
1954,"Nebraska            ","NE",1340000
1954,"Nevada              ","NV",213000
1954,"New Hampshire       ","NH",554000
1954,"New Jersey          ","NJ",5360000
1954,"New Mexico          ","NM",763000
1954,"New York            ","NY",15814000
1954,"North Carolina      ","NC",4131000
1954,"North Dakota        ","ND",611000
1954,"Ohio                ","OH",8873000
1954,"Oklahoma            ","OK",2209000
1954,"Oregon              ","OR",1626000
1954,"Pennsylvania        ","PA",10817000
1954,"Rhode Island        ","RI",816000
1954,"South Carolina      ","SC",2176000
1954,"South Dakota        ","SD",655000
1954,"Tennessee           ","TN",3359000
1954,"Texas               ","TX",8382000
1954,"Utah                ","UT",750000
1954,"Vermont             ","VT",377000
1954,"Virginia            ","VA",3555000
1954,"Washington          ","WA",2516000
1954,"West Virginia       ","WV",1905000
1954,"Wisconsin           ","WI",3608000
1954,"Wyoming             ","WY",293000
1955,"Alabama             ","AL",3050000
1955,"Alaska              ","AK",222000
1955,"Arizona             ","AZ",987000
1955,"Arkansas            ","AR",1725000
1955,"California          ","CA",13133000
1955,"Colorado            ","CO",1546000
1955,"Connecticut         ","CT",2300000
1955,"Delaware            ","DE",389000
1955,"Florida             ","FL",3747000
1955,"Georgia             ","GA",3636000
1955,"Hawaii              ","HI",539000
1955,"Idaho               ","ID",618000
1955,"Illinois            ","IL",9435000
1955,"Indiana             ","IN",4363000
1955,"Iowa                ","IA",2679000
1955,"Kansas              ","KS",2093000
1955,"Kentucky            ","KY",2910000
1955,"Louisiana           ","LA",2946000
1955,"Maine               ","ME",934000
1955,"Maryland            ","MD",2742000
1955,"Massachusetts       ","MA",4882000
1955,"Michigan            ","MI",7285000
1955,"Minnesota           ","MN",3172000
1955,"Mississippi         ","MS",2060000
1955,"Missouri            ","MO",4134000
1955,"Montana             ","MT",636000
1955,"Nebraska            ","NE",1374000
1955,"Nevada              ","NV",237000
1955,"New Hampshire       ","NH",557000
1955,"New Jersey          ","NJ",5502000
1955,"New Mexico          ","NM",785000
1955,"New York            ","NY",15966000
1955,"North Carolina      ","NC",4242000
1955,"North Dakota        ","ND",615000
1955,"Ohio                ","OH",9017000
1955,"Oklahoma            ","OK",2250000
1955,"Oregon              ","OR",1659000
1955,"Pennsylvania        ","PA",10939000
1955,"Rhode Island        ","RI",823000
1955,"South Carolina      ","SC",2200000
1955,"South Dakota        ","SD",663000
1955,"Tennessee           ","TN",3415000
1955,"Texas               ","TX",8660000
1955,"Utah                ","UT",783000
1955,"Vermont             ","VT",375000
1955,"Virginia            ","VA",3588000
1955,"Washington          ","WA",2604000
1955,"West Virginia       ","WV",1880000
1955,"Wisconsin           ","WI",3679000
1955,"Wyoming             ","WY",307000
1956,"Alabama             ","AL",3071000
1956,"Alaska              ","AK",224000
1956,"Arizona             ","AZ",1053000
1956,"Arkansas            ","AR",1704000
1956,"California          ","CA",13713000
1956,"Colorado            ","CO",1625000
1956,"Connecticut         ","CT",2316000
1956,"Delaware            ","DE",408000
1956,"Florida             ","FL",4047000
1956,"Georgia             ","GA",3701000
1956,"Hawaii              ","HI",559000
1956,"Idaho               ","ID",628000
1956,"Illinois            ","IL",9530000
1956,"Indiana             ","IN",4458000
1956,"Iowa                ","IA",2703000
1956,"Kansas              ","KS",2119000
1956,"Kentucky            ","KY",2898000
1956,"Louisiana           ","LA",3032000
1956,"Maine               ","ME",938000
1956,"Maryland            ","MD",2811000
1956,"Massachusetts       ","MA",4891000
1956,"Michigan            ","MI",7467000
1956,"Minnesota           ","MN",3240000
1956,"Mississippi         ","MS",2086000
1956,"Missouri            ","MO",4163000
1956,"Montana             ","MT",656000
1956,"Nebraska            ","NE",1397000
1956,"Nevada              ","NV",250000
1956,"New Hampshire       ","NH",566000
1956,"New Jersey          ","NJ",5615000
1956,"New Mexico          ","NM",806000
1956,"New York            ","NY",16112000
1956,"North Carolina      ","NC",4309000
1956,"North Dakota        ","ND",613000
1956,"Ohio                ","OH",9207000
1956,"Oklahoma            ","OK",2273000
1956,"Oregon              ","OR",1698000
1956,"Pennsylvania        ","PA",10972000
1956,"Rhode Island        ","RI",840000
1956,"South Carolina      ","SC",2229000
1956,"South Dakota        ","SD",670000
1956,"Tennessee           ","TN",3415000
1956,"Texas               ","TX",8830000
1956,"Utah                ","UT",809000
1956,"Vermont             ","VT",377000
1956,"Virginia            ","VA",3722000
1956,"Washington          ","WA",2668000
1956,"West Virginia       ","WV",1857000
1956,"Wisconsin           ","WI",3742000
1956,"Wyoming             ","WY",312000
1957,"Alabama             ","AL",3109000
1957,"Alaska              ","AK",231000
1957,"Arizona             ","AZ",1125000
1957,"Arkansas            ","AR",1733000
1957,"California          ","CA",14264000
1957,"Colorado            ","CO",1664000
1957,"Connecticut         ","CT",2359000
1957,"Delaware            ","DE",426000
1957,"Florida             ","FL",4372000
1957,"Georgia             ","GA",3766000
1957,"Hawaii              ","HI",584000
1957,"Idaho               ","ID",642000
1957,"Illinois            ","IL",9668000
1957,"Indiana             ","IN",4529000
1957,"Iowa                ","IA",2716000
1957,"Kansas              ","KS",2128000
1957,"Kentucky            ","KY",2928000
1957,"Louisiana           ","LA",3115000
1957,"Maine               ","ME",943000
1957,"Maryland            ","MD",2873000
1957,"Massachusetts       ","MA",4929000
1957,"Michigan            ","MI",7569000
1957,"Minnesota           ","MN",3274000
1957,"Mississippi         ","MS",2088000
1957,"Missouri            ","MO",4189000
1957,"Montana             ","MT",667000
1957,"Nebraska            ","NE",1394000
1957,"Nevada              ","NV",260000
1957,"New Hampshire       ","NH",572000
1957,"New Jersey          ","NJ",5737000
1957,"New Mexico          ","NM",847000
1957,"New York            ","NY",16374001
1957,"North Carolina      ","NC",4368000
1957,"North Dakota        ","ND",612000
1957,"Ohio                ","OH",9410000
1957,"Oklahoma            ","OK",2282000
1957,"Oregon              ","OR",1712000
1957,"Pennsylvania        ","PA",10954000
1957,"Rhode Island        ","RI",851000
1957,"South Carolina      ","SC",2274000
1957,"South Dakota        ","SD",666000
1957,"Tennessee           ","TN",3434000
1957,"Texas               ","TX",9070000
1957,"Utah                ","UT",826000
1957,"Vermont             ","VT",376000
1957,"Virginia            ","VA",3844000
1957,"Washington          ","WA",2724000
1957,"West Virginia       ","WV",1843000
1957,"Wisconsin           ","WI",3791000
1957,"Wyoming             ","WY",314000
1958,"Alabama             ","AL",3163000
1958,"Alaska              ","AK",224000
1958,"Arizona             ","AZ",1193000
1958,"Arkansas            ","AR",1726000
1958,"California          ","CA",14880000
1958,"Colorado            ","CO",1667000
1958,"Connecticut         ","CT",2446000
1958,"Delaware            ","DE",433000
1958,"Florida             ","FL",4630000
1958,"Georgia             ","GA",3804000
1958,"Hawaii              ","HI",605000
1958,"Idaho               ","ID",646000
1958,"Illinois            ","IL",9886000
1958,"Indiana             ","IN",4583000
1958,"Iowa                ","IA",2708000
1958,"Kansas              ","KS",2142000
1958,"Kentucky            ","KY",2961000
1958,"Louisiana           ","LA",3155000
1958,"Maine               ","ME",944000
1958,"Maryland            ","MD",2982000
1958,"Massachusetts       ","MA",5010000
1958,"Michigan            ","MI",7667000
1958,"Minnesota           ","MN",3313000
1958,"Mississippi         ","MS",2086000
1958,"Missouri            ","MO",4186000
1958,"Montana             ","MT",666000
1958,"Nebraska            ","NE",1383000
1958,"Nevada              ","NV",269000
1958,"New Hampshire       ","NH",581000
1958,"New Jersey          ","NJ",5890000
1958,"New Mexico          ","NM",886000
1958,"New York            ","NY",16601000
1958,"North Carolina      ","NC",4376000
1958,"North Dakota        ","ND",606000
1958,"Ohio                ","OH",9599000
1958,"Oklahoma            ","OK",2267000
1958,"Oregon              ","OR",1718000
1958,"Pennsylvania        ","PA",11058000
1958,"Rhode Island        ","RI",858000
1958,"South Carolina      ","SC",2304000
1958,"South Dakota        ","SD",656000
1958,"Tennessee           ","TN",3471000
1958,"Texas               ","TX",9252000
1958,"Utah                ","UT",845000
1958,"Vermont             ","VT",380000
1958,"Virginia            ","VA",3914000
1958,"Washington          ","WA",2773000
1958,"West Virginia       ","WV",1845000
1958,"Wisconsin           ","WI",3843000
1958,"Wyoming             ","WY",315000
1959,"Alabama             ","AL",3204000
1959,"Alaska              ","AK",224000
1959,"Arizona             ","AZ",1261000
1959,"Arkansas            ","AR",1756000
1959,"California          ","CA",15467000
1959,"Colorado            ","CO",1710000
1959,"Connecticut         ","CT",2523000
1959,"Delaware            ","DE",441000
1959,"Florida             ","FL",4808000
1959,"Georgia             ","GA",3868000
1959,"Hawaii              ","HI",622000
1959,"Idaho               ","ID",657000
1959,"Illinois            ","IL",9986000
1959,"Indiana             ","IN",4613000
1959,"Iowa                ","IA",2729000
1959,"Kansas              ","KS",2160000
1959,"Kentucky            ","KY",2999000
1959,"Louisiana           ","LA",3208000
1959,"Maine               ","ME",957000
1959,"Maryland            ","MD",3066000
1959,"Massachusetts       ","MA",5117000
1959,"Michigan            ","MI",7767000
1959,"Minnesota           ","MN",3366000
1959,"Mississippi         ","MS",2138000
1959,"Missouri            ","MO",4258000
1959,"Montana             ","MT",669000
1959,"Nebraska            ","NE",1397000
1959,"Nevada              ","NV",279000
1959,"New Hampshire       ","NH",596000
1959,"New Jersey          ","NJ",6015000
1959,"New Mexico          ","NM",919000
1959,"New York            ","NY",16685000
1959,"North Carolina      ","NC",4458000
1959,"North Dakota        ","ND",618000
1959,"Ohio                ","OH",9671000
1959,"Oklahoma            ","OK",2289000
1959,"Oregon              ","OR",1746000
1959,"Pennsylvania        ","PA",11234000
1959,"Rhode Island        ","RI",857000
1959,"South Carolina      ","SC",2348000
1959,"South Dakota        ","SD",667000
1959,"Tennessee           ","TN",3522000
1959,"Texas               ","TX",9405000
1959,"Utah                ","UT",870000
1959,"Vermont             ","VT",387000
1959,"Virginia            ","VA",3951000
1959,"Washington          ","WA",2821000
1959,"West Virginia       ","WV",1855000
1959,"Wisconsin           ","WI",3891000
1959,"Wyoming             ","WY",320000
1960,"Alabama             ","AL",3274000
1960,"Alaska              ","AK",229000
1960,"Arizona             ","AZ",1321000
1960,"Arkansas            ","AR",1789000
1960,"California          ","CA",15870000
1960,"Colorado            ","CO",1769000
1960,"Connecticut         ","CT",2544000
1960,"Delaware            ","DE",449000
1960,"Florida             ","FL",5004000
1960,"Georgia             ","GA",3956000
1960,"Hawaii              ","HI",642000
1960,"Idaho               ","ID",671000
1960,"Illinois            ","IL",10086000
1960,"Indiana             ","IN",4674000
1960,"Iowa                ","IA",2756000
1960,"Kansas              ","KS",2183000
1960,"Kentucky            ","KY",3041000
1960,"Louisiana           ","LA",3260000
1960,"Maine               ","ME",975000
1960,"Maryland            ","MD",3113000
1960,"Massachusetts       ","MA",5160000
1960,"Michigan            ","MI",7834000
1960,"Minnesota           ","MN",3425000
1960,"Mississippi         ","MS",2182000
1960,"Missouri            ","MO",4326000
1960,"Montana             ","MT",679000
1960,"Nebraska            ","NE",1417000
1960,"Nevada              ","NV",291000
1960,"New Hampshire       ","NH",609000
1960,"New Jersey          ","NJ",6103000
1960,"New Mexico          ","NM",954000
1960,"New York            ","NY",16838000
1960,"North Carolina      ","NC",4573000
1960,"North Dakota        ","ND",634000
1960,"Ohio                ","OH",9734000
1960,"Oklahoma            ","OK",2336000
1960,"Oregon              ","OR",1772000
1960,"Pennsylvania        ","PA",11329000
1960,"Rhode Island        ","RI",855000
1960,"South Carolina      ","SC",2392000
1960,"South Dakota        ","SD",683000
1960,"Tennessee           ","TN",3575000
1960,"Texas               ","TX",9624000
1960,"Utah                ","UT",9e+05
1960,"Vermont             ","VT",389000
1960,"Virginia            ","VA",3986000
1960,"Washington          ","WA",2855000
1960,"West Virginia       ","WV",1853000
1960,"Wisconsin           ","WI",3962000
1960,"Wyoming             ","WY",331000
1961,"Alabama             ","AL",3316000
1961,"Alaska              ","AK",238000
1961,"Arizona             ","AZ",1407000
1961,"Arkansas            ","AR",1806000
1961,"California          ","CA",16497000
1961,"Colorado            ","CO",1844000
1961,"Connecticut         ","CT",2586000
1961,"Delaware            ","DE",461000
1961,"Florida             ","FL",5243000
1961,"Georgia             ","GA",4014999.75
1961,"Hawaii              ","HI",659000
1961,"Idaho               ","ID",684000
1961,"Illinois            ","IL",10130000
1961,"Indiana             ","IN",4730000
1961,"Iowa                ","IA",2756000
1961,"Kansas              ","KS",2215000
1961,"Kentucky            ","KY",3054000
1961,"Louisiana           ","LA",3287000
1961,"Maine               ","ME",995000
1961,"Maryland            ","MD",3176000
1961,"Massachusetts       ","MA",5219000
1961,"Michigan            ","MI",7893000
1961,"Minnesota           ","MN",3470000
1961,"Mississippi         ","MS",2206000
1961,"Missouri            ","MO",4349000
1961,"Montana             ","MT",696000
1961,"Nebraska            ","NE",1446000
1961,"Nevada              ","NV",315000
1961,"New Hampshire       ","NH",618000
1961,"New Jersey          ","NJ",6265000
1961,"New Mexico          ","NM",965000
1961,"New York            ","NY",17061000
1961,"North Carolina      ","NC",4663000
1961,"North Dakota        ","ND",641000
1961,"Ohio                ","OH",9854000
1961,"Oklahoma            ","OK",2380000
1961,"Oregon              ","OR",1787000
1961,"Pennsylvania        ","PA",11392000
1961,"Rhode Island        ","RI",858000
1961,"South Carolina      ","SC",2409000
1961,"South Dakota        ","SD",693000
1961,"Tennessee           ","TN",3622000
1961,"Texas               ","TX",9820000
1961,"Utah                ","UT",936000
1961,"Vermont             ","VT",390000
1961,"Virginia            ","VA",4094999.75
1961,"Washington          ","WA",2882000
1961,"West Virginia       ","WV",1828000
1961,"Wisconsin           ","WI",4008999.75
1961,"Wyoming             ","WY",337000
1962,"Alabama             ","AL",3323000
1962,"Alaska              ","AK",246000
1962,"Arizona             ","AZ",1471000
1962,"Arkansas            ","AR",1853000
1962,"California          ","CA",17072000
1962,"Colorado            ","CO",1899000
1962,"Connecticut         ","CT",2647000
1962,"Delaware            ","DE",469000
1962,"Florida             ","FL",5458000
1962,"Georgia             ","GA",4086000
1962,"Hawaii              ","HI",684000
1962,"Idaho               ","ID",692000
1962,"Illinois            ","IL",10280000
1962,"Indiana             ","IN",4736000
1962,"Iowa                ","IA",2750000
1962,"Kansas              ","KS",2231000
1962,"Kentucky            ","KY",3079000
1962,"Louisiana           ","LA",3345000
1962,"Maine               ","ME",994000
1962,"Maryland            ","MD",3263000
1962,"Massachusetts       ","MA",5263000
1962,"Michigan            ","MI",7933000
1962,"Minnesota           ","MN",3513000
1962,"Mississippi         ","MS",2243000
1962,"Missouri            ","MO",4357000
1962,"Montana             ","MT",698000
1962,"Nebraska            ","NE",1464000
1962,"Nevada              ","NV",352000
1962,"New Hampshire       ","NH",632000
1962,"New Jersey          ","NJ",6376000
1962,"New Mexico          ","NM",979000
1962,"New York            ","NY",17301000
1962,"North Carolina      ","NC",4707000
1962,"North Dakota        ","ND",637000
1962,"Ohio                ","OH",9929000
1962,"Oklahoma            ","OK",2427000
1962,"Oregon              ","OR",1818000
1962,"Pennsylvania        ","PA",11355000
1962,"Rhode Island        ","RI",871000
1962,"South Carolina      ","SC",2423000
1962,"South Dakota        ","SD",705000
1962,"Tennessee           ","TN",3673000
1962,"Texas               ","TX",10053000
1962,"Utah                ","UT",958000
1962,"Vermont             ","VT",393000
1962,"Virginia            ","VA",4180000
1962,"Washington          ","WA",2942000
1962,"West Virginia       ","WV",1809000
1962,"Wisconsin           ","WI",4048999.75
1962,"Wyoming             ","WY",333000
1963,"Alabama             ","AL",3358000
1963,"Alaska              ","AK",256000
1963,"Arizona             ","AZ",1521000
1963,"Arkansas            ","AR",1875000
1963,"California          ","CA",17668000
1963,"Colorado            ","CO",1936000
1963,"Connecticut         ","CT",2727000
1963,"Delaware            ","DE",483000
1963,"Florida             ","FL",5628000
1963,"Georgia             ","GA",4172000
1963,"Hawaii              ","HI",682000
1963,"Idaho               ","ID",683000
1963,"Illinois            ","IL",10402000
1963,"Indiana             ","IN",4799000
1963,"Iowa                ","IA",2747000
1963,"Kansas              ","KS",2217000
1963,"Kentucky            ","KY",3096000
1963,"Louisiana           ","LA",3377000
1963,"Maine               ","ME",993000
1963,"Maryland            ","MD",3386000
1963,"Massachusetts       ","MA",5344000
1963,"Michigan            ","MI",8057999.5
1963,"Minnesota           ","MN",3531000
1963,"Mississippi         ","MS",2244000
1963,"Missouri            ","MO",4392000
1963,"Montana             ","MT",703000
1963,"Nebraska            ","NE",1476000
1963,"Nevada              ","NV",397000
1963,"New Hampshire       ","NH",649000
1963,"New Jersey          ","NJ",6531000
1963,"New Mexico          ","NM",989000
1963,"New York            ","NY",17461000
1963,"North Carolina      ","NC",4742000
1963,"North Dakota        ","ND",644000
1963,"Ohio                ","OH",9986000
1963,"Oklahoma            ","OK",2439000
1963,"Oregon              ","OR",1853000
1963,"Pennsylvania        ","PA",11424000
1963,"Rhode Island        ","RI",876000
1963,"South Carolina      ","SC",2460000
1963,"South Dakota        ","SD",708000
1963,"Tennessee           ","TN",3718000
1963,"Texas               ","TX",10159000
1963,"Utah                ","UT",974000
1963,"Vermont             ","VT",397000
1963,"Virginia            ","VA",4276000
1963,"Washington          ","WA",2955000
1963,"West Virginia       ","WV",1796000
1963,"Wisconsin           ","WI",4112000
1963,"Wyoming             ","WY",336000
1964,"Alabama             ","AL",3395000
1964,"Alaska              ","AK",263000
1964,"Arizona             ","AZ",1556000
1964,"Arkansas            ","AR",1897000
1964,"California          ","CA",18151000
1964,"Colorado            ","CO",1970000
1964,"Connecticut         ","CT",2798000
1964,"Delaware            ","DE",497000
1964,"Florida             ","FL",5781000
1964,"Georgia             ","GA",4258000
1964,"Hawaii              ","HI",7e+05
1964,"Idaho               ","ID",680000
1964,"Illinois            ","IL",10580000
1964,"Indiana             ","IN",4856000
1964,"Iowa                ","IA",2746000
1964,"Kansas              ","KS",2209000
1964,"Kentucky            ","KY",3129000
1964,"Louisiana           ","LA",3446000
1964,"Maine               ","ME",993000
1964,"Maryland            ","MD",3492000
1964,"Massachusetts       ","MA",5448000
1964,"Michigan            ","MI",8187000.5
1964,"Minnesota           ","MN",3558000
1964,"Mississippi         ","MS",2241000
1964,"Missouri            ","MO",4442000
1964,"Montana             ","MT",706000
1964,"Nebraska            ","NE",1482000
1964,"Nevada              ","NV",426000
1964,"New Hampshire       ","NH",663000
1964,"New Jersey          ","NJ",6660000
1964,"New Mexico          ","NM",1006000.0625
1964,"New York            ","NY",17589000
1964,"North Carolina      ","NC",4802000
1964,"North Dakota        ","ND",649000
1964,"Ohio                ","OH",10080000
1964,"Oklahoma            ","OK",2446000
1964,"Oregon              ","OR",1888000
1964,"Pennsylvania        ","PA",11519000
1964,"Rhode Island        ","RI",885000
1964,"South Carolina      ","SC",2475000
1964,"South Dakota        ","SD",701000
1964,"Tennessee           ","TN",3771000
1964,"Texas               ","TX",10270000
1964,"Utah                ","UT",978000
1964,"Vermont             ","VT",399000
1964,"Virginia            ","VA",4357000
1964,"Washington          ","WA",2961000
1964,"West Virginia       ","WV",1797000
1964,"Wisconsin           ","WI",4165000
1964,"Wyoming             ","WY",339000
1965,"Alabama             ","AL",3443000
1965,"Alaska              ","AK",271000
1965,"Arizona             ","AZ",1584000
1965,"Arkansas            ","AR",1894000
1965,"California          ","CA",18585000
1965,"Colorado            ","CO",1985000
1965,"Connecticut         ","CT",2857000
1965,"Delaware            ","DE",507000.03125
1965,"Florida             ","FL",5954000
1965,"Georgia             ","GA",4332000
1965,"Hawaii              ","HI",704000
1965,"Idaho               ","ID",686000
1965,"Illinois            ","IL",10693000
1965,"Indiana             ","IN",4922000
1965,"Iowa                ","IA",2742000
1965,"Kansas              ","KS",2206000
1965,"Kentucky            ","KY",3140000
1965,"Louisiana           ","LA",3496000
1965,"Maine               ","ME",997000
1965,"Maryland            ","MD",3600000
1965,"Massachusetts       ","MA",5502000
1965,"Michigan            ","MI",8357000
1965,"Minnesota           ","MN",3592000
1965,"Mississippi         ","MS",2246000
1965,"Missouri            ","MO",4467000
1965,"Montana             ","MT",706000
1965,"Nebraska            ","NE",1471000
1965,"Nevada              ","NV",444000
1965,"New Hampshire       ","NH",676000
1965,"New Jersey          ","NJ",6767000
1965,"New Mexico          ","NM",1011999.9375
1965,"New York            ","NY",17734000
1965,"North Carolina      ","NC",4863000
1965,"North Dakota        ","ND",649000
1965,"Ohio                ","OH",10201000
1965,"Oklahoma            ","OK",2440000
1965,"Oregon              ","OR",1937000
1965,"Pennsylvania        ","PA",11620000
1965,"Rhode Island        ","RI",893000
1965,"South Carolina      ","SC",2494000
1965,"South Dakota        ","SD",692000
1965,"Tennessee           ","TN",3798000
1965,"Texas               ","TX",10378000
1965,"Utah                ","UT",991000
1965,"Vermont             ","VT",404000
1965,"Virginia            ","VA",4411000
1965,"Washington          ","WA",2967000
1965,"West Virginia       ","WV",1786000
1965,"Wisconsin           ","WI",4232000
1965,"Wyoming             ","WY",332000
1966,"Alabama             ","AL",3464000
1966,"Alaska              ","AK",271000
1966,"Arizona             ","AZ",1614000
1966,"Arkansas            ","AR",1899000
1966,"California          ","CA",18858000
1966,"Colorado            ","CO",2007000
1966,"Connecticut         ","CT",2903000
1966,"Delaware            ","DE",516000
1966,"Florida             ","FL",6104000
1966,"Georgia             ","GA",4379000
1966,"Hawaii              ","HI",710000
1966,"Idaho               ","ID",689000
1966,"Illinois            ","IL",10836000
1966,"Indiana             ","IN",4999000
1966,"Iowa                ","IA",2762000
1966,"Kansas              ","KS",2200000
1966,"Kentucky            ","KY",3147000
1966,"Louisiana           ","LA",3550000
1966,"Maine               ","ME",999000
1966,"Maryland            ","MD",3695000
1966,"Massachusetts       ","MA",5535000
1966,"Michigan            ","MI",8512000
1966,"Minnesota           ","MN",3617000
1966,"Mississippi         ","MS",2245000
1966,"Missouri            ","MO",4523000
1966,"Montana             ","MT",707000
1966,"Nebraska            ","NE",1456000
1966,"Nevada              ","NV",446000
1966,"New Hampshire       ","NH",681000
1966,"New Jersey          ","NJ",6851000
1966,"New Mexico          ","NM",1007000
1966,"New York            ","NY",17843000
1966,"North Carolina      ","NC",4896000
1966,"North Dakota        ","ND",647000
1966,"Ohio                ","OH",10330000
1966,"Oklahoma            ","OK",2454000
1966,"Oregon              ","OR",1969000
1966,"Pennsylvania        ","PA",11664000
1966,"Rhode Island        ","RI",899000
1966,"South Carolina      ","SC",2520000
1966,"South Dakota        ","SD",683000
1966,"Tennessee           ","TN",3822000
1966,"Texas               ","TX",10492000
1966,"Utah                ","UT",1008999.9375
1966,"Vermont             ","VT",413000
1966,"Virginia            ","VA",4456000
1966,"Washington          ","WA",3057000
1966,"West Virginia       ","WV",1775000
1966,"Wisconsin           ","WI",4274000
1966,"Wyoming             ","WY",323000
1967,"Alabama             ","AL",3458000
1967,"Alaska              ","AK",278000
1967,"Arizona             ","AZ",1646000
1967,"Arkansas            ","AR",1901000
1967,"California          ","CA",19176000
1967,"Colorado            ","CO",2053000
1967,"Connecticut         ","CT",2935000
1967,"Delaware            ","DE",525000
1967,"Florida             ","FL",6242000
1967,"Georgia             ","GA",4408000
1967,"Hawaii              ","HI",723000
1967,"Idaho               ","ID",688000
1967,"Illinois            ","IL",10947000
1967,"Indiana             ","IN",5053000
1967,"Iowa                ","IA",2793000
1967,"Kansas              ","KS",2197000
1967,"Kentucky            ","KY",3172000
1967,"Louisiana           ","LA",3581000
1967,"Maine               ","ME",1003999.9375
1967,"Maryland            ","MD",3757000
1967,"Massachusetts       ","MA",5594000
1967,"Michigan            ","MI",8630000
1967,"Minnesota           ","MN",3659000
1967,"Mississippi         ","MS",2228000
1967,"Missouri            ","MO",4539000
1967,"Montana             ","MT",701000
1967,"Nebraska            ","NE",1457000
1967,"Nevada              ","NV",449000
1967,"New Hampshire       ","NH",697000
1967,"New Jersey          ","NJ",6928000
1967,"New Mexico          ","NM",1e+06
1967,"New York            ","NY",17935000
1967,"North Carolina      ","NC",4952000
1967,"North Dakota        ","ND",626000
1967,"Ohio                ","OH",10414000
1967,"Oklahoma            ","OK",2489000
1967,"Oregon              ","OR",1979000
1967,"Pennsylvania        ","PA",11681000
1967,"Rhode Island        ","RI",909000
1967,"South Carolina      ","SC",2533000
1967,"South Dakota        ","SD",671000
1967,"Tennessee           ","TN",3859000
1967,"Texas               ","TX",10599000
1967,"Utah                ","UT",1019000.0625
1967,"Vermont             ","VT",423000
1967,"Virginia            ","VA",4508000
1967,"Washington          ","WA",3174000
1967,"West Virginia       ","WV",1769000
1967,"Wisconsin           ","WI",4303000
1967,"Wyoming             ","WY",322000
1968,"Alabama             ","AL",3446000
1968,"Alaska              ","AK",285000
1968,"Arizona             ","AZ",1682000
1968,"Arkansas            ","AR",1902000
1968,"California          ","CA",19394000
1968,"Colorado            ","CO",2120000
1968,"Connecticut         ","CT",2964000
1968,"Delaware            ","DE",534000
1968,"Florida             ","FL",6433000
1968,"Georgia             ","GA",4482000
1968,"Hawaii              ","HI",734000
1968,"Idaho               ","ID",695000
1968,"Illinois            ","IL",10995000
1968,"Indiana             ","IN",5093000
1968,"Iowa                ","IA",2803000
1968,"Kansas              ","KS",2216000
1968,"Kentucky            ","KY",3195000
1968,"Louisiana           ","LA",3603000
1968,"Maine               ","ME",994000
1968,"Maryland            ","MD",3815000
1968,"Massachusetts       ","MA",5618000
1968,"Michigan            ","MI",8696000
1968,"Minnesota           ","MN",3703000
1968,"Mississippi         ","MS",2219000
1968,"Missouri            ","MO",4568000
1968,"Montana             ","MT",7e+05
1968,"Nebraska            ","NE",1467000
1968,"Nevada              ","NV",464000
1968,"New Hampshire       ","NH",709000
1968,"New Jersey          ","NJ",7005000
1968,"New Mexico          ","NM",994000
1968,"New York            ","NY",18051000
1968,"North Carolina      ","NC",5004000
1968,"North Dakota        ","ND",621000
1968,"Ohio                ","OH",10516000
1968,"Oklahoma            ","OK",2503000
1968,"Oregon              ","OR",2004000
1968,"Pennsylvania        ","PA",11741000
1968,"Rhode Island        ","RI",922000
1968,"South Carolina      ","SC",2559000
1968,"South Dakota        ","SD",669000
1968,"Tennessee           ","TN",3878000
1968,"Texas               ","TX",10819000
1968,"Utah                ","UT",1029000
1968,"Vermont             ","VT",430000
1968,"Virginia            ","VA",4558000
1968,"Washington          ","WA",3270000
1968,"West Virginia       ","WV",1763000
1968,"Wisconsin           ","WI",4345000
1968,"Wyoming             ","WY",324000
1969,"Alabama             ","AL",3440000
1969,"Alaska              ","AK",296000
1969,"Arizona             ","AZ",1737000
1969,"Arkansas            ","AR",1913000
1969,"California          ","CA",19711000
1969,"Colorado            ","CO",2166000
1969,"Connecticut         ","CT",3e+06
1969,"Delaware            ","DE",540000
1969,"Florida             ","FL",6641000
1969,"Georgia             ","GA",4551000
1969,"Hawaii              ","HI",750000
1969,"Idaho               ","ID",707000
1969,"Illinois            ","IL",11039000
1969,"Indiana             ","IN",5143000
1969,"Iowa                ","IA",2805000
1969,"Kansas              ","KS",2236000
1969,"Kentucky            ","KY",3198000
1969,"Louisiana           ","LA",3619000
1969,"Maine               ","ME",992000
1969,"Maryland            ","MD",3868000
1969,"Massachusetts       ","MA",5650000
1969,"Michigan            ","MI",8781000
1969,"Minnesota           ","MN",3758000
1969,"Mississippi         ","MS",2220000
1969,"Missouri            ","MO",4640000
1969,"Montana             ","MT",694000
1969,"Nebraska            ","NE",1474000
1969,"Nevada              ","NV",480000
1969,"New Hampshire       ","NH",724000
1969,"New Jersey          ","NJ",7095000
1969,"New Mexico          ","NM",1011000.0625
1969,"New York            ","NY",18105000
1969,"North Carolina      ","NC",5031000
1969,"North Dakota        ","ND",621000
1969,"Ohio                ","OH",10563000
1969,"Oklahoma            ","OK",2535000
1969,"Oregon              ","OR",2062000
1969,"Pennsylvania        ","PA",11741000
1969,"Rhode Island        ","RI",932000
1969,"South Carolina      ","SC",2570000
1969,"South Dakota        ","SD",668000
1969,"Tennessee           ","TN",3897000
1969,"Texas               ","TX",11045000
1969,"Utah                ","UT",1047000
1969,"Vermont             ","VT",437000
1969,"Virginia            ","VA",4614000
1969,"Washington          ","WA",3343000
1969,"West Virginia       ","WV",1746000
1969,"Wisconsin           ","WI",4378000
1969,"Wyoming             ","WY",329000
1970,"Alabama             ","AL",3444000
1970,"Alaska              ","AK",303000
1970,"Arizona             ","AZ",1775000
1970,"Arkansas            ","AR",1923000
1970,"California          ","CA",19971000
1970,"Colorado            ","CO",2210000
1970,"Connecticut         ","CT",3032000
1970,"Delaware            ","DE",548000
1970,"Florida             ","FL",6791000
1970,"Georgia             ","GA",4588000
1970,"Hawaii              ","HI",770000
1970,"Idaho               ","ID",713000
1970,"Illinois            ","IL",11110000
1970,"Indiana             ","IN",5195000
1970,"Iowa                ","IA",2825000
1970,"Kansas              ","KS",2249000
1970,"Kentucky            ","KY",3221000
1970,"Louisiana           ","LA",3645000
1970,"Maine               ","ME",994000
1970,"Maryland            ","MD",3924000
1970,"Massachusetts       ","MA",5689000
1970,"Michigan            ","MI",8882000
1970,"Minnesota           ","MN",3806000
1970,"Mississippi         ","MS",2217000
1970,"Missouri            ","MO",4678000
1970,"Montana             ","MT",694000
1970,"Nebraska            ","NE",1485000
1970,"Nevada              ","NV",489000
1970,"New Hampshire       ","NH",738000
1970,"New Jersey          ","NJ",7171000
1970,"New Mexico          ","NM",1017000
1970,"New York            ","NY",18241000
1970,"North Carolina      ","NC",5084000
1970,"North Dakota        ","ND",618000
1970,"Ohio                ","OH",10657000
1970,"Oklahoma            ","OK",2559000
1970,"Oregon              ","OR",2092000
1970,"Pennsylvania        ","PA",11801000
1970,"Rhode Island        ","RI",950000
1970,"South Carolina      ","SC",2591000
1970,"South Dakota        ","SD",666000
1970,"Tennessee           ","TN",3926000
1970,"Texas               ","TX",11199000
1970,"Utah                ","UT",1059000
1970,"Vermont             ","VT",445000
1970,"Virginia            ","VA",4651000
1970,"Washington          ","WA",3413000
1970,"West Virginia       ","WV",1744000
1970,"Wisconsin           ","WI",4418000
1970,"Wyoming             ","WY",332000
1971,"Alabama             ","AL",3497000
1971,"Alaska              ","AK",316000
1971,"Arizona             ","AZ",1896000
1971,"Arkansas            ","AR",1972000
1971,"California          ","CA",20346000
1971,"Colorado            ","CO",2304000
1971,"Connecticut         ","CT",3061000
1971,"Delaware            ","DE",565000
1971,"Florida             ","FL",7158000
1971,"Georgia             ","GA",4712000
1971,"Hawaii              ","HI",802000
1971,"Idaho               ","ID",739000
1971,"Illinois            ","IL",11202000
1971,"Indiana             ","IN",5253000
1971,"Iowa                ","IA",2852000
1971,"Kansas              ","KS",2247000
1971,"Kentucky            ","KY",3298000
1971,"Louisiana           ","LA",3710000
1971,"Maine               ","ME",1015000
1971,"Maryland            ","MD",4018000
1971,"Massachusetts       ","MA",5738000
1971,"Michigan            ","MI",8974000
1971,"Minnesota           ","MN",3853000
1971,"Mississippi         ","MS",2265000
1971,"Missouri            ","MO",4726000
1971,"Montana             ","MT",711000
1971,"Nebraska            ","NE",1505000
1971,"Nevada              ","NV",520000
1971,"New Hampshire       ","NH",762000
1971,"New Jersey          ","NJ",7281000
1971,"New Mexico          ","NM",1054000
1971,"New York            ","NY",18358000
1971,"North Carolina      ","NC",5204000
1971,"North Dakota        ","ND",627000
1971,"Ohio                ","OH",10735000
1971,"Oklahoma            ","OK",2619000
1971,"Oregon              ","OR",2151000
1971,"Pennsylvania        ","PA",11886000
1971,"Rhode Island        ","RI",963000
1971,"South Carolina      ","SC",2662000
1971,"South Dakota        ","SD",671000
1971,"Tennessee           ","TN",4014000
1971,"Texas               ","TX",11510000
1971,"Utah                ","UT",1101000
1971,"Vermont             ","VT",454000
1971,"Virginia            ","VA",4751000
1971,"Washington          ","WA",3448000
1971,"West Virginia       ","WV",1771000
1971,"Wisconsin           ","WI",4462000
1971,"Wyoming             ","WY",340000
1972,"Alabama             ","AL",3539000
1972,"Alaska              ","AK",324000
1972,"Arizona             ","AZ",2008000
1972,"Arkansas            ","AR",2019000
1972,"California          ","CA",20585000
1972,"Colorado            ","CO",2405000
1972,"Connecticut         ","CT",3069000
1972,"Delaware            ","DE",573000
1972,"Florida             ","FL",7511000
1972,"Georgia             ","GA",4809000
1972,"Hawaii              ","HI",828000
1972,"Idaho               ","ID",763000
1972,"Illinois            ","IL",11252000
1972,"Indiana             ","IN",5302000
1972,"Iowa                ","IA",2860000
1972,"Kansas              ","KS",2256000
1972,"Kentucky            ","KY",3336000
1972,"Louisiana           ","LA",3762000
1972,"Maine               ","ME",1034000
1972,"Maryland            ","MD",4074000
1972,"Massachusetts       ","MA",5760000
1972,"Michigan            ","MI",9029000
1972,"Minnesota           ","MN",3870000
1972,"Mississippi         ","MS",2307000
1972,"Missouri            ","MO",4759000
1972,"Montana             ","MT",719000
1972,"Nebraska            ","NE",1519000
1972,"Nevada              ","NV",547000
1972,"New Hampshire       ","NH",781000
1972,"New Jersey          ","NJ",7335000
1972,"New Mexico          ","NM",1079000
1972,"New York            ","NY",18339000
1972,"North Carolina      ","NC",5301000
1972,"North Dakota        ","ND",631000
1972,"Ohio                ","OH",10747000
1972,"Oklahoma            ","OK",2659000
1972,"Oregon              ","OR",2197000
1972,"Pennsylvania        ","PA",11908000
1972,"Rhode Island        ","RI",975000
1972,"South Carolina      ","SC",2719000
1972,"South Dakota        ","SD",677000
1972,"Tennessee           ","TN",4095000
1972,"Texas               ","TX",11759000
1972,"Utah                ","UT",1135000
1972,"Vermont             ","VT",463000
1972,"Virginia            ","VA",4824000
1972,"Washington          ","WA",3448000
1972,"West Virginia       ","WV",1798000
1972,"Wisconsin           ","WI",4502000
1972,"Wyoming             ","WY",347000
1973,"Alabama             ","AL",3580000
1973,"Alaska              ","AK",331000
1973,"Arizona             ","AZ",2124000
1973,"Arkansas            ","AR",2059000
1973,"California          ","CA",20869000
1973,"Colorado            ","CO",2496000
1973,"Connecticut         ","CT",3068000
1973,"Delaware            ","DE",578000
1973,"Florida             ","FL",7914000
1973,"Georgia             ","GA",4910000
1973,"Hawaii              ","HI",852000
1973,"Idaho               ","ID",782000
1973,"Illinois            ","IL",11251000
1973,"Indiana             ","IN",5338000
1973,"Iowa                ","IA",2864000
1973,"Kansas              ","KS",2266000
1973,"Kentucky            ","KY",3371000
1973,"Louisiana           ","LA",3788000
1973,"Maine               ","ME",1046000
1973,"Maryland            ","MD",4098000
1973,"Massachusetts       ","MA",5781000
1973,"Michigan            ","MI",9078000
1973,"Minnesota           ","MN",3889000
1973,"Mississippi         ","MS",2350000
1973,"Missouri            ","MO",4783000
1973,"Montana             ","MT",727000
1973,"Nebraska            ","NE",1530000
1973,"Nevada              ","NV",569000
1973,"New Hampshire       ","NH",801000
1973,"New Jersey          ","NJ",7333000
1973,"New Mexico          ","NM",1106000
1973,"New York            ","NY",18177000
1973,"North Carolina      ","NC",5390000
1973,"North Dakota        ","ND",633000
1973,"Ohio                ","OH",10767000
1973,"Oklahoma            ","OK",2696000
1973,"Oregon              ","OR",2242000
1973,"Pennsylvania        ","PA",11891000
1973,"Rhode Island        ","RI",976000
1973,"South Carolina      ","SC",2777000
1973,"South Dakota        ","SD",679000
1973,"Tennessee           ","TN",4147000
1973,"Texas               ","TX",12020000
1973,"Utah                ","UT",1170000
1973,"Vermont             ","VT",468000
1973,"Virginia            ","VA",4901000
1973,"Washington          ","WA",3479000
1973,"West Virginia       ","WV",1806000
1973,"Wisconsin           ","WI",4524000
1973,"Wyoming             ","WY",354000
1974,"Alabama             ","AL",3627000
1974,"Alaska              ","AK",341000
1974,"Arizona             ","AZ",2223000
1974,"Arkansas            ","AR",2101000
1974,"California          ","CA",21174000
1974,"Colorado            ","CO",2541000
1974,"Connecticut         ","CT",3074000
1974,"Delaware            ","DE",581000
1974,"Florida             ","FL",8299000
1974,"Georgia             ","GA",4999000
1974,"Hawaii              ","HI",868000
1974,"Idaho               ","ID",808000
1974,"Illinois            ","IL",11262000
1974,"Indiana             ","IN",5362000
1974,"Iowa                ","IA",2868000
1974,"Kansas              ","KS",2270000
1974,"Kentucky            ","KY",3416000
1974,"Louisiana           ","LA",3820000
1974,"Maine               ","ME",1059000
1974,"Maryland            ","MD",4119000
1974,"Massachusetts       ","MA",5774000
1974,"Michigan            ","MI",9118000
1974,"Minnesota           ","MN",3904000
1974,"Mississippi         ","MS",2378000
1974,"Missouri            ","MO",4796000
1974,"Montana             ","MT",736000
1974,"Nebraska            ","NE",1539000
1974,"Nevada              ","NV",597000
1974,"New Hampshire       ","NH",816000
1974,"New Jersey          ","NJ",7332000
1974,"New Mexico          ","NM",1131000
1974,"New York            ","NY",18050000
1974,"North Carolina      ","NC",5471000
1974,"North Dakota        ","ND",635000
1974,"Ohio                ","OH",10766000
1974,"Oklahoma            ","OK",2735000
1974,"Oregon              ","OR",2285000
1974,"Pennsylvania        ","PA",11871000
1974,"Rhode Island        ","RI",951000
1974,"South Carolina      ","SC",2845000
1974,"South Dakota        ","SD",680000
1974,"Tennessee           ","TN",4214000
1974,"Texas               ","TX",12269000
1974,"Utah                ","UT",1200000
1974,"Vermont             ","VT",473000
1974,"Virginia            ","VA",4971000
1974,"Washington          ","WA",3550000
1974,"West Virginia       ","WV",1815000
1974,"Wisconsin           ","WI",4546000
1974,"Wyoming             ","WY",366000
1975,"Alabama             ","AL",3679000
1975,"Alaska              ","AK",376000
1975,"Arizona             ","AZ",2285000
1975,"Arkansas            ","AR",2160000
1975,"California          ","CA",21538000
1975,"Colorado            ","CO",2586000
1975,"Connecticut         ","CT",3083000
1975,"Delaware            ","DE",587000
1975,"Florida             ","FL",8518000
1975,"Georgia             ","GA",5064000
1975,"Hawaii              ","HI",886000
1975,"Idaho               ","ID",832000
1975,"Illinois            ","IL",11292000
1975,"Indiana             ","IN",5366000
1975,"Iowa                ","IA",2881000
1975,"Kansas              ","KS",2281000
1975,"Kentucky            ","KY",3468000
1975,"Louisiana           ","LA",3886000
1975,"Maine               ","ME",1072000
1975,"Maryland            ","MD",4139000
1975,"Massachusetts       ","MA",5758000
1975,"Michigan            ","MI",9118000
1975,"Minnesota           ","MN",3933000
1975,"Mississippi         ","MS",2399000
1975,"Missouri            ","MO",4808000
1975,"Montana             ","MT",748000
1975,"Nebraska            ","NE",1543000
1975,"Nevada              ","NV",620000
1975,"New Hampshire       ","NH",829000
1975,"New Jersey          ","NJ",7338000
1975,"New Mexico          ","NM",1160000
1975,"New York            ","NY",18003000
1975,"North Carolina      ","NC",5547000
1975,"North Dakota        ","ND",639000
1975,"Ohio                ","OH",10770000
1975,"Oklahoma            ","OK",2775000
1975,"Oregon              ","OR",2330000
1975,"Pennsylvania        ","PA",11906000
1975,"Rhode Island        ","RI",943000
1975,"South Carolina      ","SC",2902000
1975,"South Dakota        ","SD",681000
1975,"Tennessee           ","TN",4276000
1975,"Texas               ","TX",12569000
1975,"Utah                ","UT",1236000
1975,"Vermont             ","VT",480000
1975,"Virginia            ","VA",5047000
1975,"Washington          ","WA",3621000
1975,"West Virginia       ","WV",1842000
1975,"Wisconsin           ","WI",4579000
1975,"Wyoming             ","WY",382000
1976,"Alabama             ","AL",3735000
1976,"Alaska              ","AK",401000
1976,"Arizona             ","AZ",2346000
1976,"Arkansas            ","AR",2170000
1976,"California          ","CA",21936000
1976,"Colorado            ","CO",2632000
1976,"Connecticut         ","CT",3083000
1976,"Delaware            ","DE",590000
1976,"Florida             ","FL",8667000
1976,"Georgia             ","GA",5133000
1976,"Hawaii              ","HI",904000
1976,"Idaho               ","ID",857000
1976,"Illinois            ","IL",11343000
1976,"Indiana             ","IN",5389000
1976,"Iowa                ","IA",2903000
1976,"Kansas              ","KS",2301000
1976,"Kentucky            ","KY",3529000
1976,"Louisiana           ","LA",3951000
1976,"Maine               ","ME",1088000
1976,"Maryland            ","MD",4151000
1976,"Massachusetts       ","MA",5744000
1976,"Michigan            ","MI",9129000
1976,"Minnesota           ","MN",3965000
1976,"Mississippi         ","MS",2430000
1976,"Missouri            ","MO",4839000
1976,"Montana             ","MT",757000
1976,"Nebraska            ","NE",1551000
1976,"Nevada              ","NV",647000
1976,"New Hampshire       ","NH",845000
1976,"New Jersey          ","NJ",7340000
1976,"New Mexico          ","NM",1189000
1976,"New York            ","NY",17941000
1976,"North Carolina      ","NC",5608000
1976,"North Dakota        ","ND",646000
1976,"Ohio                ","OH",10753000
1976,"Oklahoma            ","OK",2827000
1976,"Oregon              ","OR",2378000
1976,"Pennsylvania        ","PA",11897000
1976,"Rhode Island        ","RI",946000
1976,"South Carolina      ","SC",2944000
1976,"South Dakota        ","SD",686000
1976,"Tennessee           ","TN",4347000
1976,"Texas               ","TX",12904000
1976,"Utah                ","UT",1275000
1976,"Vermont             ","VT",485000
1976,"Virginia            ","VA",5122000
1976,"Washington          ","WA",3694000
1976,"West Virginia       ","WV",1880000
1976,"Wisconsin           ","WI",4596000
1976,"Wyoming             ","WY",397000
1977,"Alabama             ","AL",3780000
1977,"Alaska              ","AK",403000
1977,"Arizona             ","AZ",2425000
1977,"Arkansas            ","AR",2209000
1977,"California          ","CA",22352000
1977,"Colorado            ","CO",2696000
1977,"Connecticut         ","CT",3086000
1977,"Delaware            ","DE",592000
1977,"Florida             ","FL",8856000
1977,"Georgia             ","GA",5220000
1977,"Hawaii              ","HI",918000
1977,"Idaho               ","ID",883000
1977,"Illinois            ","IL",11386000
1977,"Indiana             ","IN",5426000
1977,"Iowa                ","IA",2914000
1977,"Kansas              ","KS",2321000
1977,"Kentucky            ","KY",3574000
1977,"Louisiana           ","LA",4014000
1977,"Maine               ","ME",1104000
1977,"Maryland            ","MD",4170000
1977,"Massachusetts       ","MA",5738000
1977,"Michigan            ","MI",9171000
1977,"Minnesota           ","MN",3989000
1977,"Mississippi         ","MS",2459000
1977,"Missouri            ","MO",4863000
1977,"Montana             ","MT",770000
1977,"Nebraska            ","NE",1557000
1977,"Nevada              ","NV",678000
1977,"New Hampshire       ","NH",870000
1977,"New Jersey          ","NJ",7337000
1977,"New Mexico          ","NM",1216000
1977,"New York            ","NY",17813000
1977,"North Carolina      ","NC",5686000
1977,"North Dakota        ","ND",650000
1977,"Ohio                ","OH",10771000
1977,"Oklahoma            ","OK",2870000
1977,"Oregon              ","OR",2447000
1977,"Pennsylvania        ","PA",11894000
1977,"Rhode Island        ","RI",950000
1977,"South Carolina      ","SC",2992000
1977,"South Dakota        ","SD",688000
1977,"Tennessee           ","TN",4423000
1977,"Texas               ","TX",13193000
1977,"Utah                ","UT",1320000
1977,"Vermont             ","VT",492000
1977,"Virginia            ","VA",5193000
1977,"Washington          ","WA",3776000
1977,"West Virginia       ","WV",1908000
1977,"Wisconsin           ","WI",4627000
1977,"Wyoming             ","WY",413000
1978,"Alabama             ","AL",3832000
1978,"Alaska              ","AK",405000
1978,"Arizona             ","AZ",2515000
1978,"Arkansas            ","AR",2243000
1978,"California          ","CA",22836000
1978,"Colorado            ","CO",2767000
1978,"Connecticut         ","CT",3092000
1978,"Delaware            ","DE",595000
1978,"Florida             ","FL",9102000
1978,"Georgia             ","GA",5296000
1978,"Hawaii              ","HI",932000
1978,"Idaho               ","ID",911000
1978,"Illinois            ","IL",11413000
1978,"Indiana             ","IN",5470000
1978,"Iowa                ","IA",2918000
1978,"Kansas              ","KS",2336000
1978,"Kentucky            ","KY",3610000
1978,"Louisiana           ","LA",4069000
1978,"Maine               ","ME",1114000
1978,"Maryland            ","MD",4184000
1978,"Massachusetts       ","MA",5736000
1978,"Michigan            ","MI",9218000
1978,"Minnesota           ","MN",4015000
1978,"Mississippi         ","MS",2488000
1978,"Missouri            ","MO",4889000
1978,"Montana             ","MT",782000
1978,"Nebraska            ","NE",1564000
1978,"Nevada              ","NV",719000
1978,"New Hampshire       ","NH",892000
1978,"New Jersey          ","NJ",7351000
1978,"New Mexico          ","NM",1238000
1978,"New York            ","NY",17681000
1978,"North Carolina      ","NC",5759000
1978,"North Dakota        ","ND",651000
1978,"Ohio                ","OH",10796000
1978,"Oklahoma            ","OK",2917000
1978,"Oregon              ","OR",2518000
1978,"Pennsylvania        ","PA",11879000
1978,"Rhode Island        ","RI",952000
1978,"South Carolina      ","SC",3044000
1978,"South Dakota        ","SD",689000
1978,"Tennessee           ","TN",4486000
1978,"Texas               ","TX",13500000
1978,"Utah                ","UT",1368000
1978,"Vermont             ","VT",498000
1978,"Virginia            ","VA",5270000
1978,"Washington          ","WA",3889000
1978,"West Virginia       ","WV",1923000
1978,"Wisconsin           ","WI",4646000
1978,"Wyoming             ","WY",433000
1979,"Alabama             ","AL",3866000
1979,"Alaska              ","AK",403000
1979,"Arizona             ","AZ",2636000
1979,"Arkansas            ","AR",2271000
1979,"California          ","CA",23257000
1979,"Colorado            ","CO",2849000
1979,"Connecticut         ","CT",3096000
1979,"Delaware            ","DE",595000
1979,"Florida             ","FL",9426000
1979,"Georgia             ","GA",5401000
1979,"Hawaii              ","HI",953000
1979,"Idaho               ","ID",933000
1979,"Illinois            ","IL",11397000
1979,"Indiana             ","IN",5501000
1979,"Iowa                ","IA",2916000
1979,"Kansas              ","KS",2351000
1979,"Kentucky            ","KY",3642000
1979,"Louisiana           ","LA",4138000
1979,"Maine               ","ME",1123000
1979,"Maryland            ","MD",4191000
1979,"Massachusetts       ","MA",5738000
1979,"Michigan            ","MI",9266000
1979,"Minnesota           ","MN",4050000
1979,"Mississippi         ","MS",2507000
1979,"Missouri            ","MO",4912000
1979,"Montana             ","MT",787000
1979,"Nebraska            ","NE",1567000
1979,"Nevada              ","NV",765000
1979,"New Hampshire       ","NH",909000
1979,"New Jersey          ","NJ",7367000
1979,"New Mexico          ","NM",1285000
1979,"New York            ","NY",17584000
1979,"North Carolina      ","NC",5823000
1979,"North Dakota        ","ND",653000
1979,"Ohio                ","OH",10798000
1979,"Oklahoma            ","OK",2975000
1979,"Oregon              ","OR",2588000
1979,"Pennsylvania        ","PA",11888000
1979,"Rhode Island        ","RI",950000
1979,"South Carolina      ","SC",3090000
1979,"South Dakota        ","SD",688000
1979,"Tennessee           ","TN",4560000
1979,"Texas               ","TX",13888000
1979,"Utah                ","UT",1420000
1979,"Vermont             ","VT",505000
1979,"Virginia            ","VA",5308000
1979,"Washington          ","WA",4018000
1979,"West Virginia       ","WV",1942000
1979,"Wisconsin           ","WI",4683000
1979,"Wyoming             ","WY",454000
1980,"Alabama             ","AL",3894000
1980,"Alaska              ","AK",402000
1980,"Arizona             ","AZ",2718000
1980,"Arkansas            ","AR",2286000
1980,"California          ","CA",23668000
1980,"Colorado            ","CO",2890000
1980,"Connecticut         ","CT",3108000
1980,"Delaware            ","DE",594000
1980,"Florida             ","FL",9746000
1980,"Georgia             ","GA",5463000
1980,"Hawaii              ","HI",965000
1980,"Idaho               ","ID",944000
1980,"Illinois            ","IL",11427000
1980,"Indiana             ","IN",5490000
1980,"Iowa                ","IA",2914000
1980,"Kansas              ","KS",2364000
1980,"Kentucky            ","KY",3661000
1980,"Louisiana           ","LA",4206000
1980,"Maine               ","ME",1125000
1980,"Maryland            ","MD",4217000
1980,"Massachusetts       ","MA",5737000
1980,"Michigan            ","MI",9262000
1980,"Minnesota           ","MN",4076000
1980,"Mississippi         ","MS",2521000
1980,"Missouri            ","MO",4917000
1980,"Montana             ","MT",787000
1980,"Nebraska            ","NE",1570000
1980,"Nevada              ","NV",8e+05
1980,"New Hampshire       ","NH",921000
1980,"New Jersey          ","NJ",7365000
1980,"New Mexico          ","NM",1303000
1980,"New York            ","NY",17558000
1980,"North Carolina      ","NC",5882000
1980,"North Dakota        ","ND",653000
1980,"Ohio                ","OH",10798000
1980,"Oklahoma            ","OK",3025000
1980,"Oregon              ","OR",2633000
1980,"Pennsylvania        ","PA",11864000
1980,"Rhode Island        ","RI",947000
1980,"South Carolina      ","SC",3122000
1980,"South Dakota        ","SD",691000
1980,"Tennessee           ","TN",4591000
1980,"Texas               ","TX",14229000
1980,"Utah                ","UT",1461000
1980,"Vermont             ","VT",511000
1980,"Virginia            ","VA",5347000
1980,"Washington          ","WA",4132000
1980,"West Virginia       ","WV",1950000
1980,"Wisconsin           ","WI",4706000
1980,"Wyoming             ","WY",470000
1981,"Alabama             ","AL",3919000
1981,"Alaska              ","AK",418000
1981,"Arizona             ","AZ",2810000
1981,"Arkansas            ","AR",2293000
1981,"California          ","CA",24286000
1981,"Colorado            ","CO",2978000
1981,"Connecticut         ","CT",3129000
1981,"Delaware            ","DE",596000
1981,"Florida             ","FL",10193000
1981,"Georgia             ","GA",5568000
1981,"Hawaii              ","HI",978000
1981,"Idaho               ","ID",962000
1981,"Illinois            ","IL",11443000
1981,"Indiana             ","IN",5480000
1981,"Iowa                ","IA",2908000
1981,"Kansas              ","KS",2385000
1981,"Kentucky            ","KY",3670000
1981,"Louisiana           ","LA",4283000
1981,"Maine               ","ME",1133000
1981,"Maryland            ","MD",4262000
1981,"Massachusetts       ","MA",5769000
1981,"Michigan            ","MI",9209000
1981,"Minnesota           ","MN",4112000
1981,"Mississippi         ","MS",2539000
1981,"Missouri            ","MO",4932000
1981,"Montana             ","MT",795000
1981,"Nebraska            ","NE",1579000
1981,"Nevada              ","NV",848000
1981,"New Hampshire       ","NH",937000
1981,"New Jersey          ","NJ",7407000
1981,"New Mexico          ","NM",1333000
1981,"New York            ","NY",17568000
1981,"North Carolina      ","NC",5957000
1981,"North Dakota        ","ND",660000
1981,"Ohio                ","OH",10788000
1981,"Oklahoma            ","OK",3096000
1981,"Oregon              ","OR",2668000
1981,"Pennsylvania        ","PA",11859000
1981,"Rhode Island        ","RI",953000
1981,"South Carolina      ","SC",3179000
1981,"South Dakota        ","SD",690000
1981,"Tennessee           ","TN",4628000
1981,"Texas               ","TX",14746000
1981,"Utah                ","UT",1515000
1981,"Vermont             ","VT",516000
1981,"Virginia            ","VA",5444000
1981,"Washington          ","WA",4236000
1981,"West Virginia       ","WV",1954000
1981,"Wisconsin           ","WI",4726000
1981,"Wyoming             ","WY",492000
1982,"Alabama             ","AL",3925000
1982,"Alaska              ","AK",450000
1982,"Arizona             ","AZ",2890000
1982,"Arkansas            ","AR",2294000
1982,"California          ","CA",24820000
1982,"Colorado            ","CO",3062000
1982,"Connecticut         ","CT",3139000
1982,"Delaware            ","DE",599000
1982,"Florida             ","FL",10471000
1982,"Georgia             ","GA",5650000
1982,"Hawaii              ","HI",994000
1982,"Idaho               ","ID",974000
1982,"Illinois            ","IL",11423000
1982,"Indiana             ","IN",5468000
1982,"Iowa                ","IA",2888000
1982,"Kansas              ","KS",2401000
1982,"Kentucky            ","KY",3683000
1982,"Louisiana           ","LA",4353000
1982,"Maine               ","ME",1137000
1982,"Maryland            ","MD",4283000
1982,"Massachusetts       ","MA",5771000
1982,"Michigan            ","MI",9115000
1982,"Minnesota           ","MN",4131000
1982,"Mississippi         ","MS",2557000
1982,"Missouri            ","MO",4929000
1982,"Montana             ","MT",804000
1982,"Nebraska            ","NE",1582000
1982,"Nevada              ","NV",882000
1982,"New Hampshire       ","NH",948000
1982,"New Jersey          ","NJ",7431000
1982,"New Mexico          ","NM",1364000
1982,"New York            ","NY",17590000
1982,"North Carolina      ","NC",6019000
1982,"North Dakota        ","ND",669000
1982,"Ohio                ","OH",10757000
1982,"Oklahoma            ","OK",3206000
1982,"Oregon              ","OR",2665000
1982,"Pennsylvania        ","PA",11845000
1982,"Rhode Island        ","RI",954000
1982,"South Carolina      ","SC",3208000
1982,"South Dakota        ","SD",691000
1982,"Tennessee           ","TN",4646000
1982,"Texas               ","TX",15331000
1982,"Utah                ","UT",1558000
1982,"Vermont             ","VT",519000
1982,"Virginia            ","VA",5493000
1982,"Washington          ","WA",4277000
1982,"West Virginia       ","WV",1950000
1982,"Wisconsin           ","WI",4729000
1982,"Wyoming             ","WY",506000
