"BRANCHES","ID","New_Char","STNAME","TOTAL","YEAR"
115,"CB_1982_AK",,"Alaska",14,"1982"
656,"CB_1982_AL",,"Alabama",294,"1982"
411,"CB_1982_AR",,"Arkansas",260,"1982"
2,"CB_1982_AS",,"American Samoa",1,"1982"
600,"CB_1982_AZ",,"Arizona",30,"1982"
4506,"CB_1982_CA",,"California",361,"1982"
104,"CB_1982_CO",,"Colorado",374,"1982"
618,"CB_1982_CT",,"Connecticut",54,"1982"
162,"CB_1982_DC",,"District Of Columbia",17,"1982"
150,"CB_1982_DE",,"Delaware",27,"1982"
1623,"CB_1982_FL",,"Florida",476,"1982"
12,"CB_1982_FM",,"Federated States of Micronesia",0,"1982"
928,"CB_1982_GA",,"Georgia",416,"1982"
15,"CB_1982_GU",,"Guam",1,"1982"
167,"CB_1982_HI",,"Hawaii",10,"1982"
514,"CB_1982_IA",,"Iowa",643,"1982"
261,"CB_1982_ID",,"Idaho",27,"1982"
619,"CB_1982_IL",,"Illinois",1250,"1982"
1193,"CB_1982_IN",,"Indiana",400,"1982"
208,"CB_1982_KS",,"Kansas",620,"1982"
736,"CB_1982_KY",,"Kentucky",342,"1982"
844,"CB_1982_LA",,"Louisiana",278,"1982"
993,"CB_1982_MA",,"Massachusetts",136,"1982"
1036,"CB_1982_MD",,"Maryland",91,"1982"
316,"CB_1982_ME",,"Maine",35,"1982"
2137,"CB_1982_MI",,"Michigan",374,"1982"
315,"CB_1982_MN",,"Minnesota",759,"1982"
493,"CB_1982_MO",,"Missouri",732,"1982"
731,"CB_1982_MS",,"Mississippi",167,"1982"
26,"CB_1982_MT",,"Montana",166,"1982"
1783,"CB_1982_NC",,"North Carolina",69,"1982"
122,"CB_1982_ND",,"North Dakota",176,"1982"
130,"CB_1982_NE",,"Nebraska",461,"1982"
184,"CB_1982_NH",,"New Hampshire",71,"1982"
1648,"CB_1982_NJ",,"New Jersey",148,"1982"
263,"CB_1982_NM",,"New Mexico",92,"1982"
163,"CB_1982_NV",,"Nevada",13,"1982"
3265,"CB_1982_NY",,"New York",205,"1982"
2268,"CB_1982_OH",,"Ohio",355,"1982"
134,"CB_1982_OK",,"Oklahoma",509,"1982"
604,"CB_1982_OR",,"Oregon",88,"1982"
2627,"CB_1982_PA",,"Pennsylvania",340,"1982"
245,"CB_1982_PR",,"Puerto Rico",14,"1982"
222,"CB_1982_RI",,"Rhode Island",15,"1982"
773,"CB_1982_SC",,"South Carolina",78,"1982"
160,"CB_1982_SD",,"South Dakota",152,"1982"
989,"CB_1982_TN",,"Tennessee",346,"1982"
305,"CB_1982_TX",,"Texas",1598,"1982"
332,"CB_1982_UT",,"Utah",61,"1982"
1465,"CB_1982_VA",,"Virginia",202,"1982"
24,"CB_1982_VI",,"Virgin Islands Of The U.S.",0,"1982"
180,"CB_1982_VT",,"Vermont",27,"1982"
856,"CB_1982_WA",,"Washington",100,"1982"
462,"CB_1982_WI",,"Wisconsin",624,"1982"
84,"CB_1982_WV",,"West Virginia",241,"1982"
4,"CB_1982_WY",,"Wyoming",111,"1982"
114,"CB_1981_AK",,"Alaska",12,"1981"
668,"CB_1981_AL",,"Alabama",308,"1981"
420,"CB_1981_AR",,"Arkansas",262,"1981"
2,"CB_1981_AS",,"American Samoa",0,"1981"
580,"CB_1981_AZ",,"Arizona",26,"1981"
4477,"CB_1981_CA",,"California",312,"1981"
133,"CB_1981_CO",,"Colorado",340,"1981"
613,"CB_1981_CT",,"Connecticut",57,"1981"
159,"CB_1981_DC",,"District Of Columbia",17,"1981"
147,"CB_1981_DE",,"Delaware",19,"1981"
1481,"CB_1981_FL",,"Florida",495,"1981"
11,"CB_1981_FM",,"Federated States of Micronesia",0,"1981"
940,"CB_1981_GA",,"Georgia",426,"1981"
14,"CB_1981_GU",,"Guam",1,"1981"
163,"CB_1981_HI",,"Hawaii",9,"1981"
593,"CB_1981_IA",,"Iowa",649,"1981"
259,"CB_1981_ID",,"Idaho",27,"1981"
627,"CB_1981_IL",,"Illinois",1252,"1981"
1181,"CB_1981_IN",,"Indiana",405,"1981"
282,"CB_1981_KS",,"Kansas",618,"1981"
794,"CB_1981_KY",,"Kentucky",343,"1981"
855,"CB_1981_LA",,"Louisiana",273,"1981"
981,"CB_1981_MA",,"Massachusetts",138,"1981"
990,"CB_1981_MD",,"Maryland",94,"1981"
356,"CB_1981_ME",,"Maine",36,"1981"
2236,"CB_1981_MI",,"Michigan",375,"1981"
312,"CB_1981_MN",,"Minnesota",759,"1981"
465,"CB_1981_MO",,"Missouri",728,"1981"
718,"CB_1981_MS",,"Mississippi",170,"1981"
46,"CB_1981_MT",,"Montana",164,"1981"
1780,"CB_1981_NC",,"North Carolina",71,"1981"
137,"CB_1981_ND",,"North Dakota",175,"1981"
320,"CB_1981_NE",,"Nebraska",457,"1981"
175,"CB_1981_NH",,"New Hampshire",71,"1981"
1652,"CB_1981_NJ",,"New Jersey",161,"1981"
259,"CB_1981_NM",,"New Mexico",88,"1981"
156,"CB_1981_NV",,"Nevada",12,"1981"
3565,"CB_1981_NY",,"New York",212,"1981"
2318,"CB_1981_OH",,"Ohio",379,"1981"
284,"CB_1981_OK",,"Oklahoma",501,"1981"
600,"CB_1981_OR",,"Oregon",84,"1981"
2672,"CB_1981_PA",,"Pennsylvania",350,"1981"
235,"CB_1981_PR",,"Puerto Rico",12,"1981"
227,"CB_1981_RI",,"Rhode Island",14,"1981"
766,"CB_1981_SC",,"South Carolina",83,"1981"
172,"CB_1981_SD",,"South Dakota",153,"1981"
1056,"CB_1981_TN",,"Tennessee",351,"1981"
298,"CB_1981_TX",,"Texas",1523,"1981"
318,"CB_1981_UT",,"Utah",66,"1981"
1443,"CB_1981_VA",,"Virginia",223,"1981"
24,"CB_1981_VI",,"Virgin Islands Of The U.S.",0,"1981"
173,"CB_1981_VT",,"Vermont",27,"1981"
918,"CB_1981_WA",,"Washington",99,"1981"
551,"CB_1981_WI",,"Wisconsin",636,"1981"
66,"CB_1981_WV",,"West Virginia",243,"1981"
4,"CB_1981_WY",,"Wyoming",108,"1981"
113,"CB_1980_AK",,"Alaska",12,"1980"
624,"CB_1980_AL",,"Alabama",317,"1980"
415,"CB_1980_AR",,"Arkansas",260,"1980"
2,"CB_1980_AS",,"American Samoa",0,"1980"
537,"CB_1980_AZ",,"Arizona",24,"1980"
4279,"CB_1980_CA",,"California",281,"1980"
111,"CB_1980_CO",,"Colorado",323,"1980"
603,"CB_1980_CT",,"Connecticut",64,"1980"
151,"CB_1980_DC",,"District Of Columbia",17,"1980"
148,"CB_1980_DE",,"Delaware",18,"1980"
1184,"CB_1980_FL",,"Florida",556,"1980"
11,"CB_1980_FM",,"Federated States of Micronesia",0,"1980"
876,"CB_1980_GA",,"Georgia",435,"1980"
16,"CB_1980_GU",,"Guam",1,"1980"
162,"CB_1980_HI",,"Hawaii",9,"1980"
572,"CB_1980_IA",,"Iowa",651,"1980"
247,"CB_1980_ID",,"Idaho",26,"1980"
534,"CB_1980_IL",,"Illinois",1253,"1980"
1129,"CB_1980_IN",,"Indiana",405,"1980"
272,"CB_1980_KS",,"Kansas",619,"1980"
761,"CB_1980_KY",,"Kentucky",344,"1980"
805,"CB_1980_LA",,"Louisiana",269,"1980"
952,"CB_1980_MA",,"Massachusetts",138,"1980"
942,"CB_1980_MD",,"Maryland",102,"1980"
308,"CB_1980_ME",,"Maine",41,"1980"
2157,"CB_1980_MI",,"Michigan",375,"1980"
273,"CB_1980_MN",,"Minnesota",760,"1980"
438,"CB_1980_MO",,"Missouri",725,"1980"
697,"CB_1980_MS",,"Mississippi",177,"1980"
36,"CB_1980_MT",,"Montana",163,"1980"
1732,"CB_1980_NC",,"North Carolina",79,"1980"
128,"CB_1980_ND",,"North Dakota",175,"1980"
283,"CB_1980_NE",,"Nebraska",457,"1980"
160,"CB_1980_NH",,"New Hampshire",75,"1980"
1588,"CB_1980_NJ",,"New Jersey",169,"1980"
244,"CB_1980_NM",,"New Mexico",89,"1980"
143,"CB_1980_NV",,"Nevada",9,"1980"
3416,"CB_1980_NY",,"New York",214,"1980"
2237,"CB_1980_OH",,"Ohio",384,"1980"
255,"CB_1980_OK",,"Oklahoma",495,"1980"
582,"CB_1980_OR",,"Oregon",80,"1980"
2557,"CB_1980_PA",,"Pennsylvania",355,"1980"
228,"CB_1980_PR",,"Puerto Rico",12,"1980"
223,"CB_1980_RI",,"Rhode Island",14,"1980"
729,"CB_1980_SC",,"South Carolina",85,"1980"
166,"CB_1980_SD",,"South Dakota",152,"1980"
1032,"CB_1980_TN",,"Tennessee",350,"1980"
260,"CB_1980_TX",,"Texas",1467,"1980"
286,"CB_1980_UT",,"Utah",76,"1980"
1410,"CB_1980_VA",,"Virginia",229,"1980"
23,"CB_1980_VI",,"Virgin Islands Of The U.S.",0,"1980"
167,"CB_1980_VT",,"Vermont",28,"1980"
942,"CB_1980_WA",,"Washington",101,"1980"
525,"CB_1980_WI",,"Wisconsin",635,"1980"
64,"CB_1980_WV",,"West Virginia",237,"1980"
3,"CB_1980_WY",,"Wyoming",102,"1980"
109,"CB_1979_AK",,"Alaska",12,"1979"
578,"CB_1979_AL",,"Alabama",317,"1979"
393,"CB_1979_AR",,"Arkansas",258,"1979"
2,"CB_1979_AS",,"American Samoa",0,"1979"
505,"CB_1979_AZ",,"Arizona",22,"1979"
4081,"CB_1979_CA",,"California",242,"1979"
97,"CB_1979_CO",,"Colorado",307,"1979"
593,"CB_1979_CT",,"Connecticut",65,"1979"
140,"CB_1979_DC",,"District Of Columbia",17,"1979"
147,"CB_1979_DE",,"Delaware",18,"1979"
946,"CB_1979_FL",,"Florida",576,"1979"
11,"CB_1979_FM",,"Federated States of Micronesia",0,"1979"
829,"CB_1979_GA",,"Georgia",439,"1979"
13,"CB_1979_GU",,"Guam",1,"1979"
160,"CB_1979_HI",,"Hawaii",9,"1979"
538,"CB_1979_IA",,"Iowa",651,"1979"
236,"CB_1979_ID",,"Idaho",27,"1979"
452,"CB_1979_IL",,"Illinois",1250,"1979"
1082,"CB_1979_IN",,"Indiana",404,"1979"
254,"CB_1979_KS",,"Kansas",616,"1979"
697,"CB_1979_KY",,"Kentucky",342,"1979"
764,"CB_1979_LA",,"Louisiana",262,"1979"
935,"CB_1979_MA",,"Massachusetts",143,"1979"
905,"CB_1979_MD",,"Maryland",102,"1979"
299,"CB_1979_ME",,"Maine",41,"1979"
1999,"CB_1979_MI",,"Michigan",371,"1979"
227,"CB_1979_MN",,"Minnesota",759,"1979"
415,"CB_1979_MO",,"Missouri",721,"1979"
666,"CB_1979_MS",,"Mississippi",182,"1979"
28,"CB_1979_MT",,"Montana",162,"1979"
1713,"CB_1979_NC",,"North Carolina",82,"1979"
123,"CB_1979_ND",,"North Dakota",172,"1979"
236,"CB_1979_NE",,"Nebraska",454,"1979"
148,"CB_1979_NH",,"New Hampshire",78,"1979"
1554,"CB_1979_NJ",,"New Jersey",176,"1979"
238,"CB_1979_NM",,"New Mexico",86,"1979"
135,"CB_1979_NV",,"Nevada",9,"1979"
3378,"CB_1979_NY",,"New York",219,"1979"
2106,"CB_1979_OH",,"Ohio",407,"1979"
248,"CB_1979_OK",,"Oklahoma",489,"1979"
548,"CB_1979_OR",,"Oregon",75,"1979"
2477,"CB_1979_PA",,"Pennsylvania",367,"1979"
220,"CB_1979_PR",,"Puerto Rico",12,"1979"
221,"CB_1979_RI",,"Rhode Island",14,"1979"
687,"CB_1979_SC",,"South Carolina",85,"1979"
158,"CB_1979_SD",,"South Dakota",154,"1979"
992,"CB_1979_TN",,"Tennessee",350,"1979"
234,"CB_1979_TX",,"Texas",1422,"1979"
273,"CB_1979_UT",,"Utah",74,"1979"
1372,"CB_1979_VA",,"Virginia",233,"1979"
24,"CB_1979_VI",,"Virgin Islands Of The U.S.",0,"1979"
159,"CB_1979_VT",,"Vermont",29,"1979"
884,"CB_1979_WA",,"Washington",101,"1979"
500,"CB_1979_WI",,"Wisconsin",631,"1979"
59,"CB_1979_WV",,"West Virginia",235,"1979"
3,"CB_1979_WY",,"Wyoming",94,"1979"
112,"CB_1978_AK",,"Alaska",12,"1978"
553,"CB_1978_AL",,"Alabama",312,"1978"
372,"CB_1978_AR",,"Arkansas",259,"1978"
3,"CB_1978_AS",,"American Samoa",0,"1978"
484,"CB_1978_AZ",,"Arizona",20,"1978"
3897,"CB_1978_CA",,"California",229,"1978"
81,"CB_1978_CO",,"Colorado",299,"1978"
587,"CB_1978_CT",,"Connecticut",65,"1978"
138,"CB_1978_DC",,"District Of Columbia",17,"1978"
147,"CB_1978_DE",,"Delaware",17,"1978"
743,"CB_1978_FL",,"Florida",612,"1978"
11,"CB_1978_FM",,"Federated States of Micronesia",0,"1978"
786,"CB_1978_GA",,"Georgia",440,"1978"
12,"CB_1978_GU",,"Guam",1,"1978"
157,"CB_1978_HI",,"Hawaii",8,"1978"
500,"CB_1978_IA",,"Iowa",650,"1978"
228,"CB_1978_ID",,"Idaho",24,"1978"
394,"CB_1978_IL",,"Illinois",1241,"1978"
1035,"CB_1978_IN",,"Indiana",404,"1978"
256,"CB_1978_KS",,"Kansas",616,"1978"
644,"CB_1978_KY",,"Kentucky",343,"1978"
715,"CB_1978_LA",,"Louisiana",256,"1978"
923,"CB_1978_MA",,"Massachusetts",146,"1978"
855,"CB_1978_MD",,"Maryland",106,"1978"
293,"CB_1978_ME",,"Maine",43,"1978"
1791,"CB_1978_MI",,"Michigan",364,"1978"
176,"CB_1978_MN",,"Minnesota",758,"1978"
399,"CB_1978_MO",,"Missouri",714,"1978"
635,"CB_1978_MS",,"Mississippi",184,"1978"
23,"CB_1978_MT",,"Montana",160,"1978"
1673,"CB_1978_NC",,"North Carolina",88,"1978"
117,"CB_1978_ND",,"North Dakota",171,"1978"
199,"CB_1978_NE",,"Nebraska",452,"1978"
135,"CB_1978_NH",,"New Hampshire",78,"1978"
1535,"CB_1978_NJ",,"New Jersey",184,"1978"
227,"CB_1978_NM",,"New Mexico",86,"1978"
130,"CB_1978_NV",,"Nevada",9,"1978"
3306,"CB_1978_NY",,"New York",225,"1978"
1941,"CB_1978_OH",,"Ohio",481,"1978"
217,"CB_1978_OK",,"Oklahoma",478,"1978"
522,"CB_1978_OR",,"Oregon",60,"1978"
2425,"CB_1978_PA",,"Pennsylvania",370,"1978"
217,"CB_1978_PR",,"Puerto Rico",12,"1978"
216,"CB_1978_RI",,"Rhode Island",14,"1978"
662,"CB_1978_SC",,"South Carolina",87,"1978"
149,"CB_1978_SD",,"South Dakota",155,"1978"
953,"CB_1978_TN",,"Tennessee",348,"1978"
203,"CB_1978_TX",,"Texas",1395,"1978"
253,"CB_1978_UT",,"Utah",66,"1978"
1302,"CB_1978_VA",,"Virginia",262,"1978"
24,"CB_1978_VI",,"Virgin Islands Of The U.S.",0,"1978"
147,"CB_1978_VT",,"Vermont",29,"1978"
785,"CB_1978_WA",,"Washington",94,"1978"
444,"CB_1978_WI",,"Wisconsin",628,"1978"
56,"CB_1978_WV",,"West Virginia",231,"1978"
3,"CB_1978_WY",,"Wyoming",88,"1978"
106,"CB_1977_AK",,"Alaska",12,"1977"
509,"CB_1977_AL",,"Alabama",310,"1977"
353,"CB_1977_AR",,"Arkansas",259,"1977"
3,"CB_1977_AS",,"American Samoa",0,"1977"
465,"CB_1977_AZ",,"Arizona",17,"1977"
3769,"CB_1977_CA",,"California",220,"1977"
64,"CB_1977_CO",,"Colorado",288,"1977"
577,"CB_1977_CT",,"Connecticut",71,"1977"
133,"CB_1977_DC",,"District Of Columbia",16,"1977"
143,"CB_1977_DE",,"Delaware",17,"1977"
507,"CB_1977_FL",,"Florida",675,"1977"
19,"CB_1977_FM",,"Federated States of Micronesia",0,"1977"
752,"CB_1977_GA",,"Georgia",440,"1977"
12,"CB_1977_GU",,"Guam",1,"1977"
155,"CB_1977_HI",,"Hawaii",8,"1977"
509,"CB_1977_IA",,"Iowa",649,"1977"
215,"CB_1977_ID",,"Idaho",24,"1977"
306,"CB_1977_IL",,"Illinois",1235,"1977"
995,"CB_1977_IN",,"Indiana",407,"1977"
208,"CB_1977_KS",,"Kansas",615,"1977"
606,"CB_1977_KY",,"Kentucky",343,"1977"
670,"CB_1977_LA",,"Louisiana",254,"1977"
926,"CB_1977_MA",,"Massachusetts",145,"1977"
812,"CB_1977_MD",,"Maryland",108,"1977"
297,"CB_1977_ME",,"Maine",43,"1977"
1702,"CB_1977_MI",,"Michigan",361,"1977"
76,"CB_1977_MN",,"Minnesota",752,"1977"
372,"CB_1977_MO",,"Missouri",712,"1977"
604,"CB_1977_MS",,"Mississippi",184,"1977"
21,"CB_1977_MT",,"Montana",157,"1977"
1644,"CB_1977_NC",,"North Carolina",89,"1977"
106,"CB_1977_ND",,"North Dakota",170,"1977"
177,"CB_1977_NE",,"Nebraska",451,"1977"
126,"CB_1977_NH",,"New Hampshire",78,"1977"
1498,"CB_1977_NJ",,"New Jersey",188,"1977"
216,"CB_1977_NM",,"New Mexico",83,"1977"
119,"CB_1977_NV",,"Nevada",8,"1977"
3303,"CB_1977_NY",,"New York",231,"1977"
1827,"CB_1977_OH",,"Ohio",486,"1977"
175,"CB_1977_OK",,"Oklahoma",476,"1977"
492,"CB_1977_OR",,"Oregon",53,"1977"
2358,"CB_1977_PA",,"Pennsylvania",381,"1977"
214,"CB_1977_PR",,"Puerto Rico",13,"1977"
215,"CB_1977_RI",,"Rhode Island",14,"1977"
629,"CB_1977_SC",,"South Carolina",88,"1977"
137,"CB_1977_SD",,"South Dakota",157,"1977"
910,"CB_1977_TN",,"Tennessee",346,"1977"
176,"CB_1977_TX",,"Texas",1377,"1977"
229,"CB_1977_UT",,"Utah",71,"1977"
1255,"CB_1977_VA",,"Virginia",279,"1977"
24,"CB_1977_VI",,"Virgin Islands Of The U.S.",0,"1977"
145,"CB_1977_VT",,"Vermont",30,"1977"
766,"CB_1977_WA",,"Washington",87,"1977"
427,"CB_1977_WI",,"Wisconsin",623,"1977"
51,"CB_1977_WV",,"West Virginia",227,"1977"
3,"CB_1977_WY",,"Wyoming",82,"1977"
98,"CB_1976_AK",,"Alaska",12,"1976"
484,"CB_1976_AL",,"Alabama",303,"1976"
341,"CB_1976_AR",,"Arkansas",257,"1976"
5,"CB_1976_AS",,"American Samoa",0,"1976"
458,"CB_1976_AZ",,"Arizona",16,"1976"
3688,"CB_1976_CA",,"California",210,"1976"
56,"CB_1976_CO",,"Colorado",281,"1976"
572,"CB_1976_CT",,"Connecticut",71,"1976"
131,"CB_1976_DC",,"District Of Columbia",16,"1976"
142,"CB_1976_DE",,"Delaware",17,"1976"
226,"CB_1976_FL",,"Florida",752,"1976"
20,"CB_1976_FM",,"Federated States of Micronesia",0,"1976"
718,"CB_1976_GA",,"Georgia",441,"1976"
14,"CB_1976_GU",,"Guam",1,"1976"
153,"CB_1976_HI",,"Hawaii",8,"1976"
421,"CB_1976_IA",,"Iowa",652,"1976"
211,"CB_1976_ID",,"Idaho",24,"1976"
233,"CB_1976_IL",,"Illinois",1225,"1976"
948,"CB_1976_IN",,"Indiana",406,"1976"
169,"CB_1976_KS",,"Kansas",615,"1976"
560,"CB_1976_KY",,"Kentucky",342,"1976"
634,"CB_1976_LA",,"Louisiana",254,"1976"
925,"CB_1976_MA",,"Massachusetts",143,"1976"
783,"CB_1976_MD",,"Maryland",113,"1976"
291,"CB_1976_ME",,"Maine",43,"1976"
1631,"CB_1976_MI",,"Michigan",359,"1976"
57,"CB_1976_MN",,"Minnesota",750,"1976"
339,"CB_1976_MO",,"Missouri",706,"1976"
577,"CB_1976_MS",,"Mississippi",183,"1976"
18,"CB_1976_MT",,"Montana",155,"1976"
1611,"CB_1976_NC",,"North Carolina",91,"1976"
90,"CB_1976_ND",,"North Dakota",169,"1976"
98,"CB_1976_NE",,"Nebraska",450,"1976"
119,"CB_1976_NH",,"New Hampshire",77,"1976"
1462,"CB_1976_NJ",,"New Jersey",195,"1976"
210,"CB_1976_NM",,"New Mexico",82,"1976"
113,"CB_1976_NV",,"Nevada",8,"1976"
3257,"CB_1976_NY",,"New York",230,"1976"
1739,"CB_1976_OH",,"Ohio",489,"1976"
104,"CB_1976_OK",,"Oklahoma",469,"1976"
476,"CB_1976_OR",,"Oregon",46,"1976"
2322,"CB_1976_PA",,"Pennsylvania",386,"1976"
211,"CB_1976_PR",,"Puerto Rico",11,"1976"
214,"CB_1976_RI",,"Rhode Island",14,"1976"
607,"CB_1976_SC",,"South Carolina",90,"1976"
129,"CB_1976_SD",,"South Dakota",156,"1976"
814,"CB_1976_TN",,"Tennessee",346,"1976"
157,"CB_1976_TX",,"Texas",1357,"1976"
209,"CB_1976_UT",,"Utah",66,"1976"
1211,"CB_1976_VA",,"Virginia",283,"1976"
26,"CB_1976_VI",,"Virgin Islands Of The U.S.",1,"1976"
142,"CB_1976_VT",,"Vermont",29,"1976"
722,"CB_1976_WA",,"Washington",85,"1976"
347,"CB_1976_WI",,"Wisconsin",625,"1976"
49,"CB_1976_WV",,"West Virginia",222,"1976"
2,"CB_1976_WY",,"Wyoming",78,"1976"
88,"CB_1975_AK",,"Alaska",11,"1975"
457,"CB_1975_AL",,"Alabama",299,"1975"
318,"CB_1975_AR",,"Arkansas",258,"1975"
5,"CB_1975_AS",,"American Samoa",0,"1975"
443,"CB_1975_AZ",,"Arizona",15,"1975"
3578,"CB_1975_CA",,"California",200,"1975"
54,"CB_1975_CO",,"Colorado",277,"1975"
564,"CB_1975_CT",,"Connecticut",71,"1975"
130,"CB_1975_DC",,"District Of Columbia",16,"1975"
137,"CB_1975_DE",,"Delaware",17,"1975"
196,"CB_1975_FL",,"Florida",742,"1975"
20,"CB_1975_FM",,"Federated States of Micronesia",0,"1975"
691,"CB_1975_GA",,"Georgia",440,"1975"
17,"CB_1975_GU",,"Guam",1,"1975"
151,"CB_1975_HI",,"Hawaii",8,"1975"
408,"CB_1975_IA",,"Iowa",654,"1975"
200,"CB_1975_ID",,"Idaho",24,"1975"
216,"CB_1975_IL",,"Illinois",1206,"1975"
909,"CB_1975_IN",,"Indiana",405,"1975"
151,"CB_1975_KS",,"Kansas",615,"1975"
509,"CB_1975_KY",,"Kentucky",341,"1975"
585,"CB_1975_LA",,"Louisiana",254,"1975"
902,"CB_1975_MA",,"Massachusetts",145,"1975"
751,"CB_1975_MD",,"Maryland",115,"1975"
287,"CB_1975_ME",,"Maine",45,"1975"
1560,"CB_1975_MI",,"Michigan",350,"1975"
52,"CB_1975_MN",,"Minnesota",745,"1975"
320,"CB_1975_MO",,"Missouri",700,"1975"
546,"CB_1975_MS",,"Mississippi",185,"1975"
16,"CB_1975_MT",,"Montana",154,"1975"
1575,"CB_1975_NC",,"North Carolina",93,"1975"
85,"CB_1975_ND",,"North Dakota",169,"1975"
96,"CB_1975_NE",,"Nebraska",448,"1975"
112,"CB_1975_NH",,"New Hampshire",77,"1975"
1417,"CB_1975_NJ",,"New Jersey",209,"1975"
206,"CB_1975_NM",,"New Mexico",80,"1975"
111,"CB_1975_NV",,"Nevada",8,"1975"
3195,"CB_1975_NY",,"New York",267,"1975"
1674,"CB_1975_OH",,"Ohio",495,"1975"
99,"CB_1975_OK",,"Oklahoma",462,"1975"
447,"CB_1975_OR",,"Oregon",45,"1975"
2273,"CB_1975_PA",,"Pennsylvania",392,"1975"
206,"CB_1975_PR",,"Puerto Rico",9,"1975"
210,"CB_1975_RI",,"Rhode Island",14,"1975"
601,"CB_1975_SC",,"South Carolina",90,"1975"
125,"CB_1975_SD",,"South Dakota",158,"1975"
772,"CB_1975_TN",,"Tennessee",342,"1975"
138,"CB_1975_TX",,"Texas",1336,"1975"
204,"CB_1975_UT",,"Utah",63,"1975"
1173,"CB_1975_VA",,"Virginia",290,"1975"
28,"CB_1975_VI",,"Virgin Islands Of The U.S.",2,"1975"
139,"CB_1975_VT",,"Vermont",31,"1975"
685,"CB_1975_WA",,"Washington",92,"1975"
336,"CB_1975_WI",,"Wisconsin",623,"1975"
35,"CB_1975_WV",,"West Virginia",219,"1975"
2,"CB_1975_WY",,"Wyoming",77,"1975"
81,"CB_1974_AK",,"Alaska",10,"1974"
417,"CB_1974_AL",,"Alabama",293,"1974"
281,"CB_1974_AR",,"Arkansas",258,"1974"
5,"CB_1974_AS",,"American Samoa",0,"1974"
425,"CB_1974_AZ",,"Arizona",17,"1974"
3484,"CB_1974_CA",,"California",186,"1974"
50,"CB_1974_CO",,"Colorado",263,"1974"
547,"CB_1974_CT",,"Connecticut",70,"1974"
126,"CB_1974_DC",,"District Of Columbia",16,"1974"
130,"CB_1974_DE",,"Delaware",17,"1974"
121,"CB_1974_FL",,"Florida",711,"1974"
19,"CB_1974_FM",,"Federated States of Micronesia",0,"1974"
656,"CB_1974_GA",,"Georgia",443,"1974"
15,"CB_1974_GU",,"Guam",1,"1974"
148,"CB_1974_HI",,"Hawaii",8,"1974"
385,"CB_1974_IA",,"Iowa",657,"1974"
191,"CB_1974_ID",,"Idaho",24,"1974"
194,"CB_1974_IL",,"Illinois",1183,"1974"
842,"CB_1974_IN",,"Indiana",408,"1974"
127,"CB_1974_KS",,"Kansas",612,"1974"
471,"CB_1974_KY",,"Kentucky",341,"1974"
541,"CB_1974_LA",,"Louisiana",249,"1974"
882,"CB_1974_MA",,"Massachusetts",147,"1974"
703,"CB_1974_MD",,"Maryland",114,"1974"
277,"CB_1974_ME",,"Maine",45,"1974"
1478,"CB_1974_MI",,"Michigan",346,"1974"
32,"CB_1974_MN",,"Minnesota",742,"1974"
261,"CB_1974_MO",,"Missouri",694,"1974"
503,"CB_1974_MS",,"Mississippi",181,"1974"
14,"CB_1974_MT",,"Montana",152,"1974"
1537,"CB_1974_NC",,"North Carolina",91,"1974"
78,"CB_1974_ND",,"North Dakota",168,"1974"
83,"CB_1974_NE",,"Nebraska",448,"1974"
99,"CB_1974_NH",,"New Hampshire",80,"1974"
1336,"CB_1974_NJ",,"New Jersey",218,"1974"
189,"CB_1974_NM",,"New Mexico",76,"1974"
105,"CB_1974_NV",,"Nevada",8,"1974"
3081,"CB_1974_NY",,"New York",271,"1974"
1613,"CB_1974_OH",,"Ohio",496,"1974"
96,"CB_1974_OK",,"Oklahoma",455,"1974"
420,"CB_1974_OR",,"Oregon",47,"1974"
2191,"CB_1974_PA",,"Pennsylvania",399,"1974"
199,"CB_1974_PR",,"Puerto Rico",9,"1974"
204,"CB_1974_RI",,"Rhode Island",14,"1974"
581,"CB_1974_SC",,"South Carolina",91,"1974"
115,"CB_1974_SD",,"South Dakota",158,"1974"
722,"CB_1974_TN",,"Tennessee",334,"1974"
123,"CB_1974_TX",,"Texas",1306,"1974"
186,"CB_1974_UT",,"Utah",54,"1974"
1112,"CB_1974_VA",,"Virginia",288,"1974"
29,"CB_1974_VI",,"Virgin Islands Of The U.S.",2,"1974"
131,"CB_1974_VT",,"Vermont",33,"1974"
661,"CB_1974_WA",,"Washington",88,"1974"
326,"CB_1974_WI",,"Wisconsin",620,"1974"
26,"CB_1974_WV",,"West Virginia",214,"1974"
2,"CB_1974_WY",,"Wyoming",74,"1974"
73,"CB_1973_AK",,"Alaska",10,"1973"
369,"CB_1973_AL",,"Alabama",287,"1973"
227,"CB_1973_AR",,"Arkansas",254,"1973"
3,"CB_1973_AS",,"American Samoa",0,"1973"
405,"CB_1973_AZ",,"Arizona",15,"1973"
3385,"CB_1973_CA",,"California",174,"1973"
42,"CB_1973_CO",,"Colorado",255,"1973"
518,"CB_1973_CT",,"Connecticut",67,"1973"
117,"CB_1973_DC",,"District Of Columbia",15,"1973"
118,"CB_1973_DE",,"Delaware",18,"1973"
67,"CB_1973_FL",,"Florida",641,"1973"
28,"CB_1973_FM",,"Federated States of Micronesia",0,"1973"
558,"CB_1973_GA",,"Georgia",432,"1973"
14,"CB_1973_GU",,"Guam",1,"1973"
147,"CB_1973_HI",,"Hawaii",8,"1973"
369,"CB_1973_IA",,"Iowa",661,"1973"
179,"CB_1973_ID",,"Idaho",24,"1973"
175,"CB_1973_IL",,"Illinois",1165,"1973"
777,"CB_1973_IN",,"Indiana",407,"1973"
89,"CB_1973_KS",,"Kansas",611,"1973"
424,"CB_1973_KY",,"Kentucky",341,"1973"
490,"CB_1973_LA",,"Louisiana",244,"1973"
849,"CB_1973_MA",,"Massachusetts",148,"1973"
643,"CB_1973_MD",,"Maryland",112,"1973"
260,"CB_1973_ME",,"Maine",44,"1973"
1398,"CB_1973_MI",,"Michigan",338,"1973"
24,"CB_1973_MN",,"Minnesota",737,"1973"
203,"CB_1973_MO",,"Missouri",681,"1973"
449,"CB_1973_MS",,"Mississippi",181,"1973"
12,"CB_1973_MT",,"Montana",149,"1973"
1435,"CB_1973_NC",,"North Carolina",89,"1973"
72,"CB_1973_ND",,"North Dakota",167,"1973"
56,"CB_1973_NE",,"Nebraska",444,"1973"
90,"CB_1973_NH",,"New Hampshire",80,"1973"
1250,"CB_1973_NJ",,"New Jersey",221,"1973"
177,"CB_1973_NM",,"New Mexico",73,"1973"
96,"CB_1973_NV",,"Nevada",8,"1973"
2870,"CB_1973_NY",,"New York",276,"1973"
1525,"CB_1973_OH",,"Ohio",496,"1973"
91,"CB_1973_OK",,"Oklahoma",447,"1973"
401,"CB_1973_OR",,"Oregon",44,"1973"
2059,"CB_1973_PA",,"Pennsylvania",415,"1973"
195,"CB_1973_PR",,"Puerto Rico",9,"1973"
199,"CB_1973_RI",,"Rhode Island",14,"1973"
548,"CB_1973_SC",,"South Carolina",91,"1973"
108,"CB_1973_SD",,"South Dakota",159,"1973"
657,"CB_1973_TN",,"Tennessee",317,"1973"
110,"CB_1973_TX",,"Texas",1259,"1973"
171,"CB_1973_UT",,"Utah",53,"1973"
1045,"CB_1973_VA",,"Virginia",271,"1973"
30,"CB_1973_VI",,"Virgin Islands Of The U.S.",2,"1973"
109,"CB_1973_VT",,"Vermont",38,"1973"
640,"CB_1973_WA",,"Washington",86,"1973"
310,"CB_1973_WI",,"Wisconsin",616,"1973"
15,"CB_1973_WV",,"West Virginia",210,"1973"
2,"CB_1973_WY",,"Wyoming",71,"1973"
70,"CB_1972_AK",,"Alaska",10,"1972"
334,"CB_1972_AL",,"Alabama",277,"1972"
193,"CB_1972_AR",,"Arkansas",251,"1972"
3,"CB_1972_AS",,"American Samoa",0,"1972"
374,"CB_1972_AZ",,"Arizona",15,"1972"
3254,"CB_1972_CA",,"California",156,"1972"
35,"CB_1972_CO",,"Colorado",243,"1972"
498,"CB_1972_CT",,"Connecticut",63,"1972"
112,"CB_1972_DC",,"District Of Columbia",14,"1972"
110,"CB_1972_DE",,"Delaware",18,"1972"
60,"CB_1972_FL",,"Florida",575,"1972"
29,"CB_1972_FM",,"Federated States of Micronesia",0,"1972"
483,"CB_1972_GA",,"Georgia",431,"1972"
13,"CB_1972_GU",,"Guam",1,"1972"
143,"CB_1972_HI",,"Hawaii",7,"1972"
345,"CB_1972_IA",,"Iowa",661,"1972"
170,"CB_1972_ID",,"Idaho",24,"1972"
148,"CB_1972_IL",,"Illinois",1149,"1972"
719,"CB_1972_IN",,"Indiana",405,"1972"
76,"CB_1972_KS",,"Kansas",606,"1972"
394,"CB_1972_KY",,"Kentucky",337,"1972"
443,"CB_1972_LA",,"Louisiana",237,"1972"
810,"CB_1972_MA",,"Massachusetts",151,"1972"
595,"CB_1972_MD",,"Maryland",112,"1972"
248,"CB_1972_ME",,"Maine",43,"1972"
1328,"CB_1972_MI",,"Michigan",330,"1972"
20,"CB_1972_MN",,"Minnesota",734,"1972"
132,"CB_1972_MO",,"Missouri",671,"1972"
406,"CB_1972_MS",,"Mississippi",181,"1972"
12,"CB_1972_MT",,"Montana",146,"1972"
1322,"CB_1972_NC",,"North Carolina",86,"1972"
71,"CB_1972_ND",,"North Dakota",167,"1972"
48,"CB_1972_NE",,"Nebraska",440,"1972"
79,"CB_1972_NH",,"New Hampshire",76,"1972"
1173,"CB_1972_NJ",,"New Jersey",210,"1972"
150,"CB_1972_NM",,"New Mexico",71,"1972"
93,"CB_1972_NV",,"Nevada",8,"1972"
2690,"CB_1972_NY",,"New York",278,"1972"
1449,"CB_1972_OH",,"Ohio",503,"1972"
84,"CB_1972_OK",,"Oklahoma",436,"1972"
381,"CB_1972_OR",,"Oregon",43,"1972"
1917,"CB_1972_PA",,"Pennsylvania",430,"1972"
189,"CB_1972_PR",,"Puerto Rico",9,"1972"
177,"CB_1972_RI",,"Rhode Island",14,"1972"
499,"CB_1972_SC",,"South Carolina",94,"1972"
102,"CB_1972_SD",,"South Dakota",159,"1972"
594,"CB_1972_TN",,"Tennessee",310,"1972"
95,"CB_1972_TX",,"Texas",1231,"1972"
160,"CB_1972_UT",,"Utah",52,"1972"
955,"CB_1972_VA",,"Virginia",256,"1972"
29,"CB_1972_VI",,"Virgin Islands Of The U.S.",2,"1972"
98,"CB_1972_VT",,"Vermont",40,"1972"
611,"CB_1972_WA",,"Washington",88,"1972"
296,"CB_1972_WI",,"Wisconsin",608,"1972"
8,"CB_1972_WV",,"West Virginia",203,"1972"
2,"CB_1972_WY",,"Wyoming",71,"1972"
65,"CB_1971_AK",,"Alaska",10,"1971"
303,"CB_1971_AL",,"Alabama",273,"1971"
179,"CB_1971_AR",,"Arkansas",251,"1971"
3,"CB_1971_AS",,"American Samoa",0,"1971"
347,"CB_1971_AZ",,"Arizona",13,"1971"
3171,"CB_1971_CA",,"California",144,"1971"
29,"CB_1971_CO",,"Colorado",235,"1971"
469,"CB_1971_CT",,"Connecticut",62,"1971"
108,"CB_1971_DC",,"District Of Columbia",14,"1971"
99,"CB_1971_DE",,"Delaware",18,"1971"
43,"CB_1971_FL",,"Florida",534,"1971"
28,"CB_1971_FM",,"Federated States of Micronesia",0,"1971"
412,"CB_1971_GA",,"Georgia",428,"1971"
10,"CB_1971_GU",,"Guam",0,"1971"
140,"CB_1971_HI",,"Hawaii",7,"1971"
329,"CB_1971_IA",,"Iowa",658,"1971"
165,"CB_1971_ID",,"Idaho",24,"1971"
123,"CB_1971_IL",,"Illinois",1131,"1971"
671,"CB_1971_IN",,"Indiana",405,"1971"
73,"CB_1971_KS",,"Kansas",602,"1971"
361,"CB_1971_KY",,"Kentucky",339,"1971"
414,"CB_1971_LA",,"Louisiana",234,"1971"
779,"CB_1971_MA",,"Massachusetts",154,"1971"
567,"CB_1971_MD",,"Maryland",112,"1971"
237,"CB_1971_ME",,"Maine",40,"1971"
1252,"CB_1971_MI",,"Michigan",329,"1971"
17,"CB_1971_MN",,"Minnesota",728,"1971"
100,"CB_1971_MO",,"Missouri",666,"1971"
369,"CB_1971_MS",,"Mississippi",183,"1971"
10,"CB_1971_MT",,"Montana",143,"1971"
1217,"CB_1971_NC",,"North Carolina",94,"1971"
70,"CB_1971_ND",,"North Dakota",166,"1971"
45,"CB_1971_NE",,"Nebraska",438,"1971"
69,"CB_1971_NH",,"New Hampshire",72,"1971"
1097,"CB_1971_NJ",,"New Jersey",209,"1971"
140,"CB_1971_NM",,"New Mexico",68,"1971"
89,"CB_1971_NV",,"Nevada",8,"1971"
2547,"CB_1971_NY",,"New York",285,"1971"
1370,"CB_1971_OH",,"Ohio",512,"1971"
71,"CB_1971_OK",,"Oklahoma",435,"1971"
359,"CB_1971_OR",,"Oregon",44,"1971"
1824,"CB_1971_PA",,"Pennsylvania",447,"1971"
187,"CB_1971_PR",,"Puerto Rico",8,"1971"
171,"CB_1971_RI",,"Rhode Island",11,"1971"
459,"CB_1971_SC",,"South Carolina",99,"1971"
100,"CB_1971_SD",,"South Dakota",159,"1971"
527,"CB_1971_TN",,"Tennessee",307,"1971"
86,"CB_1971_TX",,"Texas",1207,"1971"
148,"CB_1971_UT",,"Utah",50,"1971"
887,"CB_1971_VA",,"Virginia",245,"1971"
28,"CB_1971_VI",,"Virgin Islands Of The U.S.",2,"1971"
89,"CB_1971_VT",,"Vermont",41,"1971"
589,"CB_1971_WA",,"Washington",91,"1971"
286,"CB_1971_WI",,"Wisconsin",607,"1971"
6,"CB_1971_WV",,"West Virginia",199,"1971"
2,"CB_1971_WY",,"Wyoming",71,"1971"
62,"CB_1970_AK",,"Alaska",10,"1970"
272,"CB_1970_AL",,"Alabama",272,"1970"
165,"CB_1970_AR",,"Arkansas",248,"1970"
3,"CB_1970_AS",,"American Samoa",0,"1970"
323,"CB_1970_AZ",,"Arizona",12,"1970"
3028,"CB_1970_CA",,"California",144,"1970"
19,"CB_1970_CO",,"Colorado",227,"1970"
436,"CB_1970_CT",,"Connecticut",58,"1970"
103,"CB_1970_DC",,"District Of Columbia",14,"1970"
87,"CB_1970_DE",,"Delaware",18,"1970"
33,"CB_1970_FL",,"Florida",494,"1970"
27,"CB_1970_FM",,"Federated States of Micronesia",0,"1970"
296,"CB_1970_GA",,"Georgia",434,"1970"
8,"CB_1970_GU",,"Guam",0,"1970"
138,"CB_1970_HI",,"Hawaii",7,"1970"
318,"CB_1970_IA",,"Iowa",658,"1970"
156,"CB_1970_ID",,"Idaho",24,"1970"
98,"CB_1970_IL",,"Illinois",1105,"1970"
632,"CB_1970_IN",,"Indiana",404,"1970"
69,"CB_1970_KS",,"Kansas",600,"1970"
328,"CB_1970_KY",,"Kentucky",339,"1970"
393,"CB_1970_LA",,"Louisiana",230,"1970"
742,"CB_1970_MA",,"Massachusetts",158,"1970"
515,"CB_1970_MD",,"Maryland",114,"1970"
226,"CB_1970_ME",,"Maine",39,"1970"
1201,"CB_1970_MI",,"Michigan",329,"1970"
11,"CB_1970_MN",,"Minnesota",726,"1970"
93,"CB_1970_MO",,"Missouri",664,"1970"
348,"CB_1970_MS",,"Mississippi",182,"1970"
5,"CB_1970_MT",,"Montana",139,"1970"
1112,"CB_1970_NC",,"North Carolina",97,"1970"
69,"CB_1970_ND",,"North Dakota",166,"1970"
42,"CB_1970_NE",,"Nebraska",437,"1970"
63,"CB_1970_NH",,"New Hampshire",72,"1970"
1012,"CB_1970_NJ",,"New Jersey",215,"1970"
130,"CB_1970_NM",,"New Mexico",66,"1970"
86,"CB_1970_NV",,"Nevada",8,"1970"
2431,"CB_1970_NY",,"New York",287,"1970"
1304,"CB_1970_OH",,"Ohio",514,"1970"
60,"CB_1970_OK",,"Oklahoma",433,"1970"
337,"CB_1970_OR",,"Oregon",47,"1970"
1725,"CB_1970_PA",,"Pennsylvania",463,"1970"
180,"CB_1970_PR",,"Puerto Rico",8,"1970"
163,"CB_1970_RI",,"Rhode Island",11,"1970"
418,"CB_1970_SC",,"South Carolina",102,"1970"
98,"CB_1970_SD",,"South Dakota",161,"1970"
487,"CB_1970_TN",,"Tennessee",304,"1970"
76,"CB_1970_TX",,"Texas",1183,"1970"
139,"CB_1970_UT",,"Utah",48,"1970"
825,"CB_1970_VA",,"Virginia",233,"1970"
24,"CB_1970_VI",,"Virgin Islands Of The U.S.",1,"1970"
85,"CB_1970_VT",,"Vermont",42,"1970"
558,"CB_1970_WA",,"Washington",90,"1970"
273,"CB_1970_WI",,"Wisconsin",604,"1970"
5,"CB_1970_WV",,"West Virginia",200,"1970"
2,"CB_1970_WY",,"Wyoming",70,"1970"
59,"CB_1969_AK",,"Alaska",9,"1969"
247,"CB_1969_AL",,"Alabama",268,"1969"
155,"CB_1969_AR",,"Arkansas",246,"1969"
3,"CB_1969_AS",,"American Samoa",0,"1969"
299,"CB_1969_AZ",,"Arizona",12,"1969"
2895,"CB_1969_CA",,"California",148,"1969"
12,"CB_1969_CO",,"Colorado",223,"1969"
405,"CB_1969_CT",,"Connecticut",59,"1969"
100,"CB_1969_DC",,"District Of Columbia",14,"1969"
79,"CB_1969_DE",,"Delaware",19,"1969"
29,"CB_1969_FL",,"Florida",469,"1969"
28,"CB_1969_FM",,"Federated States of Micronesia",0,"1969"
270,"CB_1969_GA",,"Georgia",423,"1969"
6,"CB_1969_GU",,"Guam",0,"1969"
128,"CB_1969_HI",,"Hawaii",7,"1969"
298,"CB_1969_IA",,"Iowa",658,"1969"
149,"CB_1969_ID",,"Idaho",26,"1969"
74,"CB_1969_IL",,"Illinois",1085,"1969"
601,"CB_1969_IN",,"Indiana",407,"1969"
61,"CB_1969_KS",,"Kansas",602,"1969"
306,"CB_1969_KY",,"Kentucky",340,"1969"
359,"CB_1969_LA",,"Louisiana",230,"1969"
710,"CB_1969_MA",,"Massachusetts",156,"1969"
484,"CB_1969_MD",,"Maryland",121,"1969"
206,"CB_1969_ME",,"Maine",41,"1969"
1151,"CB_1969_MI",,"Michigan",330,"1969"
10,"CB_1969_MN",,"Minnesota",721,"1969"
85,"CB_1969_MO",,"Missouri",661,"1969"
321,"CB_1969_MS",,"Mississippi",181,"1969"
5,"CB_1969_MT",,"Montana",135,"1969"
1010,"CB_1969_NC",,"North Carolina",108,"1969"
66,"CB_1969_ND",,"North Dakota",166,"1969"
39,"CB_1969_NE",,"Nebraska",437,"1969"
52,"CB_1969_NH",,"New Hampshire",73,"1969"
891,"CB_1969_NJ",,"New Jersey",226,"1969"
121,"CB_1969_NM",,"New Mexico",64,"1969"
81,"CB_1969_NV",,"Nevada",8,"1969"
2290,"CB_1969_NY",,"New York",295,"1969"
1217,"CB_1969_OH",,"Ohio",519,"1969"
58,"CB_1969_OK",,"Oklahoma",425,"1969"
319,"CB_1969_OR",,"Oregon",49,"1969"
1614,"CB_1969_PA",,"Pennsylvania",483,"1969"
173,"CB_1969_PR",,"Puerto Rico",8,"1969"
153,"CB_1969_RI",,"Rhode Island",11,"1969"
380,"CB_1969_SC",,"South Carolina",104,"1969"
94,"CB_1969_SD",,"South Dakota",163,"1969"
448,"CB_1969_TN",,"Tennessee",301,"1969"
67,"CB_1969_TX",,"Texas",1157,"1969"
126,"CB_1969_UT",,"Utah",51,"1969"
765,"CB_1969_VA",,"Virginia",233,"1969"
20,"CB_1969_VI",,"Virgin Islands Of The U.S.",1,"1969"
78,"CB_1969_VT",,"Vermont",43,"1969"
523,"CB_1969_WA",,"Washington",92,"1969"
252,"CB_1969_WI",,"Wisconsin",600,"1969"
5,"CB_1969_WV",,"West Virginia",195,"1969"
2,"CB_1969_WY",,"Wyoming",70,"1969"
55,"CB_1968_AK",,"Alaska",10,"1968"
236,"CB_1968_AL",,"Alabama",268,"1968"
141,"CB_1968_AR",,"Arkansas",245,"1968"
2,"CB_1968_AS",,"American Samoa",0,"1968"
278,"CB_1968_AZ",,"Arizona",13,"1968"
2788,"CB_1968_CA",,"California",156,"1968"
10,"CB_1968_CO",,"Colorado",219,"1968"
375,"CB_1968_CT",,"Connecticut",63,"1968"
100,"CB_1968_DC",,"District Of Columbia",14,"1968"
78,"CB_1968_DE",,"Delaware",19,"1968"
25,"CB_1968_FL",,"Florida",455,"1968"
26,"CB_1968_FM",,"Federated States of Micronesia",0,"1968"
248,"CB_1968_GA",,"Georgia",417,"1968"
5,"CB_1968_GU",,"Guam",0,"1968"
122,"CB_1968_HI",,"Hawaii",7,"1968"
282,"CB_1968_IA",,"Iowa",661,"1968"
142,"CB_1968_ID",,"Idaho",26,"1968"
45,"CB_1968_IL",,"Illinois",1069,"1968"
576,"CB_1968_IN",,"Indiana",411,"1968"
61,"CB_1968_KS",,"Kansas",600,"1968"
286,"CB_1968_KY",,"Kentucky",341,"1968"
329,"CB_1968_LA",,"Louisiana",228,"1968"
680,"CB_1968_MA",,"Massachusetts",153,"1968"
462,"CB_1968_MD",,"Maryland",121,"1968"
197,"CB_1968_ME",,"Maine",40,"1968"
1099,"CB_1968_MI",,"Michigan",336,"1968"
10,"CB_1968_MN",,"Minnesota",720,"1968"
85,"CB_1968_MO",,"Missouri",659,"1968"
296,"CB_1968_MS",,"Mississippi",185,"1968"
5,"CB_1968_MT",,"Montana",134,"1968"
924,"CB_1968_NC",,"North Carolina",120,"1968"
67,"CB_1968_ND",,"North Dakota",166,"1968"
37,"CB_1968_NE",,"Nebraska",435,"1968"
41,"CB_1968_NH",,"New Hampshire",74,"1968"
797,"CB_1968_NJ",,"New Jersey",226,"1968"
114,"CB_1968_NM",,"New Mexico",63,"1968"
78,"CB_1968_NV",,"Nevada",9,"1968"
2206,"CB_1968_NY",,"New York",296,"1968"
1130,"CB_1968_OH",,"Ohio",523,"1968"
55,"CB_1968_OK",,"Oklahoma",423,"1968"
307,"CB_1968_OR",,"Oregon",48,"1968"
1517,"CB_1968_PA",,"Pennsylvania",500,"1968"
165,"CB_1968_PR",,"Puerto Rico",7,"1968"
151,"CB_1968_RI",,"Rhode Island",11,"1968"
351,"CB_1968_SC",,"South Carolina",117,"1968"
91,"CB_1968_SD",,"South Dakota",164,"1968"
416,"CB_1968_TN",,"Tennessee",299,"1968"
63,"CB_1968_TX",,"Texas",1142,"1968"
115,"CB_1968_UT",,"Utah",54,"1968"
709,"CB_1968_VA",,"Virginia",237,"1968"
19,"CB_1968_VI",,"Virgin Islands Of The U.S.",1,"1968"
71,"CB_1968_VT",,"Vermont",44,"1968"
487,"CB_1968_WA",,"Washington",94,"1968"
223,"CB_1968_WI",,"Wisconsin",599,"1968"
4,"CB_1968_WV",,"West Virginia",195,"1968"
1,"CB_1968_WY",,"Wyoming",70,"1968"
54,"CB_1967_AK",,"Alaska",10,"1967"
211,"CB_1967_AL",,"Alabama",266,"1967"
130,"CB_1967_AR",,"Arkansas",245,"1967"
2,"CB_1967_AS",,"American Samoa",0,"1967"
265,"CB_1967_AZ",,"Arizona",17,"1967"
2687,"CB_1967_CA",,"California",172,"1967"
7,"CB_1967_CO",,"Colorado",217,"1967"
357,"CB_1967_CT",,"Connecticut",64,"1967"
96,"CB_1967_DC",,"District Of Columbia",14,"1967"
74,"CB_1967_DE",,"Delaware",19,"1967"
21,"CB_1967_FL",,"Florida",446,"1967"
24,"CB_1967_FM",,"Federated States of Micronesia",0,"1967"
227,"CB_1967_GA",,"Georgia",408,"1967"
5,"CB_1967_GU",,"Guam",0,"1967"
122,"CB_1967_HI",,"Hawaii",7,"1967"
260,"CB_1967_IA",,"Iowa",661,"1967"
141,"CB_1967_ID",,"Idaho",26,"1967"
18,"CB_1967_IL",,"Illinois",1062,"1967"
542,"CB_1967_IN",,"Indiana",413,"1967"
58,"CB_1967_KS",,"Kansas",600,"1967"
268,"CB_1967_KY",,"Kentucky",340,"1967"
305,"CB_1967_LA",,"Louisiana",225,"1967"
644,"CB_1967_MA",,"Massachusetts",154,"1967"
435,"CB_1967_MD",,"Maryland",121,"1967"
191,"CB_1967_ME",,"Maine",41,"1967"
1047,"CB_1967_MI",,"Michigan",339,"1967"
9,"CB_1967_MN",,"Minnesota",719,"1967"
78,"CB_1967_MO",,"Missouri",656,"1967"
281,"CB_1967_MS",,"Mississippi",188,"1967"
5,"CB_1967_MT",,"Montana",132,"1967"
854,"CB_1967_NC",,"North Carolina",127,"1967"
62,"CB_1967_ND",,"North Dakota",166,"1967"
33,"CB_1967_NE",,"Nebraska",433,"1967"
37,"CB_1967_NH",,"New Hampshire",73,"1967"
757,"CB_1967_NJ",,"New Jersey",225,"1967"
109,"CB_1967_NM",,"New Mexico",64,"1967"
75,"CB_1967_NV",,"Nevada",9,"1967"
2127,"CB_1967_NY",,"New York",303,"1967"
1069,"CB_1967_OH",,"Ohio",529,"1967"
46,"CB_1967_OK",,"Oklahoma",421,"1967"
285,"CB_1967_OR",,"Oregon",47,"1967"
1419,"CB_1967_PA",,"Pennsylvania",512,"1967"
151,"CB_1967_PR",,"Puerto Rico",7,"1967"
142,"CB_1967_RI",,"Rhode Island",12,"1967"
328,"CB_1967_SC",,"South Carolina",122,"1967"
87,"CB_1967_SD",,"South Dakota",165,"1967"
403,"CB_1967_TN",,"Tennessee",295,"1967"
59,"CB_1967_TX",,"Texas",1139,"1967"
112,"CB_1967_UT",,"Utah",55,"1967"
656,"CB_1967_VA",,"Virginia",250,"1967"
13,"CB_1967_VI",,"Virgin Islands Of The U.S.",1,"1967"
67,"CB_1967_VT",,"Vermont",45,"1967"
452,"CB_1967_WA",,"Washington",94,"1967"
171,"CB_1967_WI",,"Wisconsin",595,"1967"
0,"CB_1967_WV",,"West Virginia",194,"1967"
1,"CB_1967_WY",,"Wyoming",69,"1967"
55,"CB_1966_AK",,"Alaska",10,"1966"
186,"CB_1966_AL",,"Alabama",267,"1966"
119,"CB_1966_AR",,"Arkansas",243,"1966"
2,"CB_1966_AS",,"American Samoa",0,"1966"
261,"CB_1966_AZ",,"Arizona",17,"1966"
2532,"CB_1966_CA",,"California",187,"1966"
9,"CB_1966_CO",,"Colorado",215,"1966"
336,"CB_1966_CT",,"Connecticut",63,"1966"
94,"CB_1966_DC",,"District Of Columbia",14,"1966"
71,"CB_1966_DE",,"Delaware",20,"1966"
19,"CB_1966_FL",,"Florida",443,"1966"
24,"CB_1966_FM",,"Federated States of Micronesia",0,"1966"
211,"CB_1966_GA",,"Georgia",394,"1966"
5,"CB_1966_GU",,"Guam",0,"1966"
119,"CB_1966_HI",,"Hawaii",7,"1966"
250,"CB_1966_IA",,"Iowa",661,"1966"
140,"CB_1966_ID",,"Idaho",25,"1966"
5,"CB_1966_IL",,"Illinois",1053,"1966"
507,"CB_1966_IN",,"Indiana",415,"1966"
53,"CB_1966_KS",,"Kansas",599,"1966"
243,"CB_1966_KY",,"Kentucky",342,"1966"
286,"CB_1966_LA",,"Louisiana",219,"1966"
611,"CB_1966_MA",,"Massachusetts",157,"1966"
408,"CB_1966_MD",,"Maryland",121,"1966"
180,"CB_1966_ME",,"Maine",41,"1966"
986,"CB_1966_MI",,"Michigan",345,"1966"
9,"CB_1966_MN",,"Minnesota",719,"1966"
71,"CB_1966_MO",,"Missouri",652,"1966"
259,"CB_1966_MS",,"Mississippi",190,"1966"
3,"CB_1966_MT",,"Montana",131,"1966"
786,"CB_1966_NC",,"North Carolina",136,"1966"
59,"CB_1966_ND",,"North Dakota",164,"1966"
29,"CB_1966_NE",,"Nebraska",433,"1966"
33,"CB_1966_NH",,"New Hampshire",72,"1966"
712,"CB_1966_NJ",,"New Jersey",229,"1966"
101,"CB_1966_NM",,"New Mexico",64,"1966"
70,"CB_1966_NV",,"Nevada",9,"1966"
2053,"CB_1966_NY",,"New York",311,"1966"
1009,"CB_1966_OH",,"Ohio",535,"1966"
42,"CB_1966_OK",,"Oklahoma",419,"1966"
273,"CB_1966_OR",,"Oregon",49,"1966"
1336,"CB_1966_PA",,"Pennsylvania",536,"1966"
145,"CB_1966_PR",,"Puerto Rico",8,"1966"
121,"CB_1966_RI",,"Rhode Island",9,"1966"
302,"CB_1966_SC",,"South Carolina",124,"1966"
83,"CB_1966_SD",,"South Dakota",166,"1966"
377,"CB_1966_TN",,"Tennessee",294,"1966"
53,"CB_1966_TX",,"Texas",1137,"1966"
111,"CB_1966_UT",,"Utah",55,"1966"
612,"CB_1966_VA",,"Virginia",251,"1966"
11,"CB_1966_VI",,"Virgin Islands Of The U.S.",1,"1966"
59,"CB_1966_VT",,"Vermont",47,"1966"
424,"CB_1966_WA",,"Washington",94,"1966"
173,"CB_1966_WI",,"Wisconsin",587,"1966"
0,"CB_1966_WV",,"West Virginia",189,"1966"
1,"CB_1966_WY",,"Wyoming",69,"1966"
53,"CB_1965_AK",,"Alaska",10,"1965"
163,"CB_1965_AL",,"Alabama",263,"1965"
108,"CB_1965_AR",,"Arkansas",242,"1965"
2,"CB_1965_AS",,"American Samoa",0,"1965"
250,"CB_1965_AZ",,"Arizona",17,"1965"
2419,"CB_1965_CA",,"California",193,"1965"
8,"CB_1965_CO",,"Colorado",210,"1965"
313,"CB_1965_CT",,"Connecticut",64,"1965"
88,"CB_1965_DC",,"District Of Columbia",15,"1965"
65,"CB_1965_DE",,"Delaware",20,"1965"
18,"CB_1965_FL",,"Florida",439,"1965"
24,"CB_1965_FM",,"Federated States of Micronesia",0,"1965"
196,"CB_1965_GA",,"Georgia",387,"1965"
4,"CB_1965_GU",,"Guam",0,"1965"
115,"CB_1965_HI",,"Hawaii",7,"1965"
235,"CB_1965_IA",,"Iowa",659,"1965"
127,"CB_1965_ID",,"Idaho",25,"1965"
5,"CB_1965_IL",,"Illinois",1044,"1965"
471,"CB_1965_IN",,"Indiana",418,"1965"
49,"CB_1965_KS",,"Kansas",596,"1965"
232,"CB_1965_KY",,"Kentucky",340,"1965"
248,"CB_1965_LA",,"Louisiana",213,"1965"
565,"CB_1965_MA",,"Massachusetts",156,"1965"
388,"CB_1965_MD",,"Maryland",121,"1965"
166,"CB_1965_ME",,"Maine",39,"1965"
891,"CB_1965_MI",,"Michigan",352,"1965"
10,"CB_1965_MN",,"Minnesota",717,"1965"
63,"CB_1965_MO",,"Missouri",644,"1965"
221,"CB_1965_MS",,"Mississippi",196,"1965"
3,"CB_1965_MT",,"Montana",129,"1965"
733,"CB_1965_NC",,"North Carolina",145,"1965"
49,"CB_1965_ND",,"North Dakota",163,"1965"
28,"CB_1965_NE",,"Nebraska",430,"1965"
27,"CB_1965_NH",,"New Hampshire",71,"1965"
673,"CB_1965_NJ",,"New Jersey",230,"1965"
95,"CB_1965_NM",,"New Mexico",64,"1965"
63,"CB_1965_NV",,"Nevada",9,"1965"
1926,"CB_1965_NY",,"New York",316,"1965"
948,"CB_1965_OH",,"Ohio",540,"1965"
38,"CB_1965_OK",,"Oklahoma",420,"1965"
265,"CB_1965_OR",,"Oregon",48,"1965"
1235,"CB_1965_PA",,"Pennsylvania",561,"1965"
138,"CB_1965_PR",,"Puerto Rico",7,"1965"
118,"CB_1965_RI",,"Rhode Island",9,"1965"
270,"CB_1965_SC",,"South Carolina",125,"1965"
76,"CB_1965_SD",,"South Dakota",169,"1965"
328,"CB_1965_TN",,"Tennessee",294,"1965"
52,"CB_1965_TX",,"Texas",1130,"1965"
109,"CB_1965_UT",,"Utah",56,"1965"
558,"CB_1965_VA",,"Virginia",262,"1965"
6,"CB_1965_VI",,"Virgin Islands Of The U.S.",1,"1965"
57,"CB_1965_VT",,"Vermont",47,"1965"
409,"CB_1965_WA",,"Washington",99,"1965"
170,"CB_1965_WI",,"Wisconsin",577,"1965"
0,"CB_1965_WV",,"West Virginia",186,"1965"
1,"CB_1965_WY",,"Wyoming",69,"1965"
51,"CB_1964_AK",,"Alaska",10,"1964"
142,"CB_1964_AL",,"Alabama",252,"1964"
90,"CB_1964_AR",,"Arkansas",241,"1964"
0,"CB_1964_AS",,"American Samoa",0,"1964"
239,"CB_1964_AZ",,"Arizona",15,"1964"
2273,"CB_1964_CA",,"California",194,"1964"
8,"CB_1964_CO",,"Colorado",207,"1964"
286,"CB_1964_CT",,"Connecticut",61,"1964"
84,"CB_1964_DC",,"District Of Columbia",15,"1964"
64,"CB_1964_DE",,"Delaware",20,"1964"
17,"CB_1964_FL",,"Florida",421,"1964"
0,"CB_1964_FM",,"Federated States of Micronesia",0,"1964"
169,"CB_1964_GA",,"Georgia",381,"1964"
0,"CB_1964_GU",,"Guam",0,"1964"
114,"CB_1964_HI",,"Hawaii",7,"1964"
221,"CB_1964_IA",,"Iowa",659,"1964"
120,"CB_1964_ID",,"Idaho",24,"1964"
5,"CB_1964_IL",,"Illinois",1024,"1964"
441,"CB_1964_IN",,"Indiana",426,"1964"
50,"CB_1964_KS",,"Kansas",593,"1964"
213,"CB_1964_KY",,"Kentucky",342,"1964"
236,"CB_1964_LA",,"Louisiana",208,"1964"
524,"CB_1964_MA",,"Massachusetts",154,"1964"
364,"CB_1964_MD",,"Maryland",120,"1964"
154,"CB_1964_ME",,"Maine",40,"1964"
803,"CB_1964_MI",,"Michigan",359,"1964"
9,"CB_1964_MN",,"Minnesota",714,"1964"
56,"CB_1964_MO",,"Missouri",632,"1964"
191,"CB_1964_MS",,"Mississippi",194,"1964"
3,"CB_1964_MT",,"Montana",128,"1964"
713,"CB_1964_NC",,"North Carolina",151,"1964"
44,"CB_1964_ND",,"North Dakota",159,"1964"
27,"CB_1964_NE",,"Nebraska",427,"1964"
20,"CB_1964_NH",,"New Hampshire",70,"1964"
627,"CB_1964_NJ",,"New Jersey",233,"1964"
84,"CB_1964_NM",,"New Mexico",63,"1964"
58,"CB_1964_NV",,"Nevada",8,"1964"
1807,"CB_1964_NY",,"New York",326,"1964"
871,"CB_1964_OH",,"Ohio",546,"1964"
36,"CB_1964_OK",,"Oklahoma",416,"1964"
249,"CB_1964_OR",,"Oregon",49,"1964"
1145,"CB_1964_PA",,"Pennsylvania",581,"1964"
134,"CB_1964_PR",,"Puerto Rico",7,"1964"
105,"CB_1964_RI",,"Rhode Island",8,"1964"
242,"CB_1964_SC",,"South Carolina",129,"1964"
72,"CB_1964_SD",,"South Dakota",172,"1964"
295,"CB_1964_TN",,"Tennessee",290,"1964"
50,"CB_1964_TX",,"Texas",1115,"1964"
103,"CB_1964_UT",,"Utah",54,"1964"
486,"CB_1964_VA",,"Virginia",277,"1964"
6,"CB_1964_VI",,"Virgin Islands Of The U.S.",1,"1964"
49,"CB_1964_VT",,"Vermont",48,"1964"
378,"CB_1964_WA",,"Washington",96,"1964"
170,"CB_1964_WI",,"Wisconsin",575,"1964"
0,"CB_1964_WV",,"West Virginia",183,"1964"
1,"CB_1964_WY",,"Wyoming",68,"1964"
48,"CB_1963_AK",,"Alaska",9,"1963"
129,"CB_1963_AL",,"Alabama",242,"1963"
77,"CB_1963_AR",,"Arkansas",238,"1963"
0,"CB_1963_AS",,"American Samoa",0,"1963"
223,"CB_1963_AZ",,"Arizona",12,"1963"
2122,"CB_1963_CA",,"California",149,"1963"
7,"CB_1963_CO",,"Colorado",194,"1963"
258,"CB_1963_CT",,"Connecticut",58,"1963"
76,"CB_1963_DC",,"District Of Columbia",14,"1963"
60,"CB_1963_DE",,"Delaware",20,"1963"
16,"CB_1963_FL",,"Florida",382,"1963"
0,"CB_1963_FM",,"Federated States of Micronesia",0,"1963"
160,"CB_1963_GA",,"Georgia",370,"1963"
0,"CB_1963_GU",,"Guam",0,"1963"
111,"CB_1963_HI",,"Hawaii",7,"1963"
212,"CB_1963_IA",,"Iowa",657,"1963"
111,"CB_1963_ID",,"Idaho",27,"1963"
4,"CB_1963_IL",,"Illinois",1003,"1963"
399,"CB_1963_IN",,"Indiana",432,"1963"
45,"CB_1963_KS",,"Kansas",591,"1963"
198,"CB_1963_KY",,"Kentucky",341,"1963"
220,"CB_1963_LA",,"Louisiana",198,"1963"
476,"CB_1963_MA",,"Massachusetts",157,"1963"
332,"CB_1963_MD",,"Maryland",117,"1963"
151,"CB_1963_ME",,"Maine",40,"1963"
726,"CB_1963_MI",,"Michigan",365,"1963"
8,"CB_1963_MN",,"Minnesota",699,"1963"
48,"CB_1963_MO",,"Missouri",624,"1963"
177,"CB_1963_MS",,"Mississippi",192,"1963"
3,"CB_1963_MT",,"Montana",124,"1963"
669,"CB_1963_NC",,"North Carolina",155,"1963"
38,"CB_1963_ND",,"North Dakota",155,"1963"
26,"CB_1963_NE",,"Nebraska",418,"1963"
4,"CB_1963_NH",,"New Hampshire",73,"1963"
572,"CB_1963_NJ",,"New Jersey",232,"1963"
79,"CB_1963_NM",,"New Mexico",61,"1963"
52,"CB_1963_NV",,"Nevada",7,"1963"
1698,"CB_1963_NY",,"New York",336,"1963"
815,"CB_1963_OH",,"Ohio",551,"1963"
34,"CB_1963_OK",,"Oklahoma",400,"1963"
234,"CB_1963_OR",,"Oregon",49,"1963"
1045,"CB_1963_PA",,"Pennsylvania",611,"1963"
130,"CB_1963_PR",,"Puerto Rico",7,"1963"
100,"CB_1963_RI",,"Rhode Island",8,"1963"
217,"CB_1963_SC",,"South Carolina",134,"1963"
71,"CB_1963_SD",,"South Dakota",172,"1963"
271,"CB_1963_TN",,"Tennessee",289,"1963"
45,"CB_1963_TX",,"Texas",1083,"1963"
95,"CB_1963_UT",,"Utah",50,"1963"
430,"CB_1963_VA",,"Virginia",280,"1963"
6,"CB_1963_VI",,"Virgin Islands Of The U.S.",1,"1963"
43,"CB_1963_VT",,"Vermont",48,"1963"
344,"CB_1963_WA",,"Washington",92,"1963"
165,"CB_1963_WI",,"Wisconsin",573,"1963"
0,"CB_1963_WV",,"West Virginia",181,"1963"
1,"CB_1963_WY",,"Wyoming",63,"1963"
40,"CB_1962_AK",,"Alaska",9,"1962"
108,"CB_1962_AL",,"Alabama",239,"1962"
67,"CB_1962_AR",,"Arkansas",237,"1962"
0,"CB_1962_AS",,"American Samoa",0,"1962"
202,"CB_1962_AZ",,"Arizona",10,"1962"
1963,"CB_1962_CA",,"California",123,"1962"
7,"CB_1962_CO",,"Colorado",173,"1962"
231,"CB_1962_CT",,"Connecticut",58,"1962"
72,"CB_1962_DC",,"District Of Columbia",12,"1962"
56,"CB_1962_DE",,"Delaware",19,"1962"
16,"CB_1962_FL",,"Florida",340,"1962"
0,"CB_1962_FM",,"Federated States of Micronesia",0,"1962"
141,"CB_1962_GA",,"Georgia",364,"1962"
0,"CB_1962_GU",,"Guam",0,"1962"
105,"CB_1962_HI",,"Hawaii",7,"1962"
194,"CB_1962_IA",,"Iowa",652,"1962"
93,"CB_1962_ID",,"Idaho",31,"1962"
4,"CB_1962_IL",,"Illinois",993,"1962"
366,"CB_1962_IN",,"Indiana",434,"1962"
38,"CB_1962_KS",,"Kansas",590,"1962"
184,"CB_1962_KY",,"Kentucky",342,"1962"
203,"CB_1962_LA",,"Louisiana",195,"1962"
443,"CB_1962_MA",,"Massachusetts",158,"1962"
296,"CB_1962_MD",,"Maryland",120,"1962"
145,"CB_1962_ME",,"Maine",41,"1962"
669,"CB_1962_MI",,"Michigan",369,"1962"
6,"CB_1962_MN",,"Minnesota",686,"1962"
44,"CB_1962_MO",,"Missouri",614,"1962"
162,"CB_1962_MS",,"Mississippi",190,"1962"
3,"CB_1962_MT",,"Montana",122,"1962"
606,"CB_1962_NC",,"North Carolina",161,"1962"
33,"CB_1962_ND",,"North Dakota",153,"1962"
19,"CB_1962_NE",,"Nebraska",396,"1962"
3,"CB_1962_NH",,"New Hampshire",71,"1962"
517,"CB_1962_NJ",,"New Jersey",239,"1962"
69,"CB_1962_NM",,"New Mexico",60,"1962"
45,"CB_1962_NV",,"Nevada",7,"1962"
1579,"CB_1962_NY",,"New York",355,"1962"
744,"CB_1962_OH",,"Ohio",563,"1962"
32,"CB_1962_OK",,"Oklahoma",390,"1962"
213,"CB_1962_OR",,"Oregon",47,"1962"
944,"CB_1962_PA",,"Pennsylvania",628,"1962"
125,"CB_1962_PR",,"Puerto Rico",7,"1962"
98,"CB_1962_RI",,"Rhode Island",8,"1962"
186,"CB_1962_SC",,"South Carolina",138,"1962"
69,"CB_1962_SD",,"South Dakota",171,"1962"
255,"CB_1962_TN",,"Tennessee",289,"1962"
44,"CB_1962_TX",,"Texas",1030,"1962"
83,"CB_1962_UT",,"Utah",45,"1962"
367,"CB_1962_VA",,"Virginia",292,"1962"
6,"CB_1962_VI",,"Virgin Islands Of The U.S.",1,"1962"
40,"CB_1962_VT",,"Vermont",50,"1962"
323,"CB_1962_WA",,"Washington",91,"1962"
162,"CB_1962_WI",,"Wisconsin",567,"1962"
0,"CB_1962_WV",,"West Virginia",181,"1962"
1,"CB_1962_WY",,"Wyoming",56,"1962"
34,"CB_1961_AK",,"Alaska",10,"1961"
98,"CB_1961_AL",,"Alabama",238,"1961"
56,"CB_1961_AR",,"Arkansas",233,"1961"
0,"CB_1961_AS",,"American Samoa",0,"1961"
190,"CB_1961_AZ",,"Arizona",11,"1961"
1787,"CB_1961_CA",,"California",117,"1961"
7,"CB_1961_CO",,"Colorado",164,"1961"
219,"CB_1961_CT",,"Connecticut",58,"1961"
69,"CB_1961_DC",,"District Of Columbia",11,"1961"
52,"CB_1961_DE",,"Delaware",19,"1961"
15,"CB_1961_FL",,"Florida",318,"1961"
0,"CB_1961_FM",,"Federated States of Micronesia",0,"1961"
126,"CB_1961_GA",,"Georgia",362,"1961"
0,"CB_1961_GU",,"Guam",0,"1961"
90,"CB_1961_HI",,"Hawaii",7,"1961"
190,"CB_1961_IA",,"Iowa",649,"1961"
88,"CB_1961_ID",,"Idaho",32,"1961"
4,"CB_1961_IL",,"Illinois",970,"1961"
340,"CB_1961_IN",,"Indiana",437,"1961"
32,"CB_1961_KS",,"Kansas",587,"1961"
165,"CB_1961_KY",,"Kentucky",342,"1961"
189,"CB_1961_LA",,"Louisiana",191,"1961"
409,"CB_1961_MA",,"Massachusetts",163,"1961"
261,"CB_1961_MD",,"Maryland",131,"1961"
131,"CB_1961_ME",,"Maine",43,"1961"
615,"CB_1961_MI",,"Michigan",371,"1961"
6,"CB_1961_MN",,"Minnesota",680,"1961"
37,"CB_1961_MO",,"Missouri",612,"1961"
149,"CB_1961_MS",,"Mississippi",191,"1961"
1,"CB_1961_MT",,"Montana",122,"1961"
547,"CB_1961_NC",,"North Carolina",170,"1961"
31,"CB_1961_ND",,"North Dakota",153,"1961"
17,"CB_1961_NE",,"Nebraska",394,"1961"
3,"CB_1961_NH",,"New Hampshire",71,"1961"
471,"CB_1961_NJ",,"New Jersey",244,"1961"
64,"CB_1961_NM",,"New Mexico",57,"1961"
41,"CB_1961_NV",,"Nevada",7,"1961"
1482,"CB_1961_NY",,"New York",374,"1961"
696,"CB_1961_OH",,"Ohio",575,"1961"
32,"CB_1961_OK",,"Oklahoma",385,"1961"
206,"CB_1961_OR",,"Oregon",47,"1961"
872,"CB_1961_PA",,"Pennsylvania",666,"1961"
123,"CB_1961_PR",,"Puerto Rico",7,"1961"
90,"CB_1961_RI",,"Rhode Island",8,"1961"
166,"CB_1961_SC",,"South Carolina",138,"1961"
62,"CB_1961_SD",,"South Dakota",174,"1961"
236,"CB_1961_TN",,"Tennessee",290,"1961"
32,"CB_1961_TX",,"Texas",1001,"1961"
77,"CB_1961_UT",,"Utah",46,"1961"
320,"CB_1961_VA",,"Virginia",302,"1961"
6,"CB_1961_VI",,"Virgin Islands Of The U.S.",1,"1961"
37,"CB_1961_VT",,"Vermont",52,"1961"
305,"CB_1961_WA",,"Washington",88,"1961"
159,"CB_1961_WI",,"Wisconsin",561,"1961"
0,"CB_1961_WV",,"West Virginia",180,"1961"
1,"CB_1961_WY",,"Wyoming",55,"1961"
32,"CB_1960_AK",,"Alaska",9,"1960"
90,"CB_1960_AL",,"Alabama",238,"1960"
46,"CB_1960_AR",,"Arkansas",232,"1960"
0,"CB_1960_AS",,"American Samoa",0,"1960"
171,"CB_1960_AZ",,"Arizona",9,"1960"
1671,"CB_1960_CA",,"California",112,"1960"
7,"CB_1960_CO",,"Colorado",162,"1960"
198,"CB_1960_CT",,"Connecticut",61,"1960"
65,"CB_1960_DC",,"District Of Columbia",12,"1960"
52,"CB_1960_DE",,"Delaware",19,"1960"
14,"CB_1960_FL",,"Florida",304,"1960"
0,"CB_1960_FM",,"Federated States of Micronesia",0,"1960"
106,"CB_1960_GA",,"Georgia",363,"1960"
0,"CB_1960_GU",,"Guam",0,"1960"
85,"CB_1960_HI",,"Hawaii",7,"1960"
181,"CB_1960_IA",,"Iowa",635,"1960"
83,"CB_1960_ID",,"Idaho",32,"1960"
4,"CB_1960_IL",,"Illinois",960,"1960"
311,"CB_1960_IN",,"Indiana",437,"1960"
25,"CB_1960_KS",,"Kansas",583,"1960"
146,"CB_1960_KY",,"Kentucky",345,"1960"
176,"CB_1960_LA",,"Louisiana",189,"1960"
373,"CB_1960_MA",,"Massachusetts",166,"1960"
246,"CB_1960_MD",,"Maryland",132,"1960"
123,"CB_1960_ME",,"Maine",42,"1960"
576,"CB_1960_MI",,"Michigan",378,"1960"
6,"CB_1960_MN",,"Minnesota",679,"1960"
25,"CB_1960_MO",,"Missouri",610,"1960"
136,"CB_1960_MS",,"Mississippi",191,"1960"
1,"CB_1960_MT",,"Montana",119,"1960"
505,"CB_1960_NC",,"North Carolina",182,"1960"
29,"CB_1960_ND",,"North Dakota",153,"1960"
12,"CB_1960_NE",,"Nebraska",392,"1960"
4,"CB_1960_NH",,"New Hampshire",70,"1960"
436,"CB_1960_NJ",,"New Jersey",250,"1960"
56,"CB_1960_NM",,"New Mexico",55,"1960"
37,"CB_1960_NV",,"Nevada",7,"1960"
1380,"CB_1960_NY",,"New York",390,"1960"
638,"CB_1960_OH",,"Ohio",584,"1960"
23,"CB_1960_OK",,"Oklahoma",386,"1960"
195,"CB_1960_OR",,"Oregon",49,"1960"
791,"CB_1960_PA",,"Pennsylvania",691,"1960"
115,"CB_1960_PR",,"Puerto Rico",7,"1960"
90,"CB_1960_RI",,"Rhode Island",8,"1960"
147,"CB_1960_SC",,"South Carolina",139,"1960"
59,"CB_1960_SD",,"South Dakota",174,"1960"
216,"CB_1960_TN",,"Tennessee",291,"1960"
28,"CB_1960_TX",,"Texas",990,"1960"
74,"CB_1960_UT",,"Utah",46,"1960"
284,"CB_1960_VA",,"Virginia",305,"1960"
5,"CB_1960_VI",,"Virgin Islands Of The U.S.",1,"1960"
33,"CB_1960_VT",,"Vermont",55,"1960"
291,"CB_1960_WA",,"Washington",85,"1960"
158,"CB_1960_WI",,"Wisconsin",554,"1960"
0,"CB_1960_WV",,"West Virginia",181,"1960"
1,"CB_1960_WY",,"Wyoming",55,"1960"
24,"CB_1959_AK",,"Alaska",13,"1959"
78,"CB_1959_AL",,"Alabama",237,"1959"
41,"CB_1959_AR",,"Arkansas",231,"1959"
0,"CB_1959_AS",,"American Samoa",0,"1959"
146,"CB_1959_AZ",,"Arizona",8,"1959"
1552,"CB_1959_CA",,"California",110,"1959"
7,"CB_1959_CO",,"Colorado",160,"1959"
185,"CB_1959_CT",,"Connecticut",63,"1959"
64,"CB_1959_DC",,"District Of Columbia",12,"1959"
51,"CB_1959_DE",,"Delaware",19,"1959"
14,"CB_1959_FL",,"Florida",288,"1959"
0,"CB_1959_FM",,"Federated States of Micronesia",0,"1959"
87,"CB_1959_GA",,"Georgia",357,"1959"
0,"CB_1959_GU",,"Guam",0,"1959"
77,"CB_1959_HI",,"Hawaii",6,"1959"
170,"CB_1959_IA",,"Iowa",632,"1959"
81,"CB_1959_ID",,"Idaho",32,"1959"
4,"CB_1959_IL",,"Illinois",949,"1959"
276,"CB_1959_IN",,"Indiana",443,"1959"
20,"CB_1959_KS",,"Kansas",585,"1959"
132,"CB_1959_KY",,"Kentucky",348,"1959"
162,"CB_1959_LA",,"Louisiana",186,"1959"
353,"CB_1959_MA",,"Massachusetts",163,"1959"
221,"CB_1959_MD",,"Maryland",139,"1959"
113,"CB_1959_ME",,"Maine",48,"1959"
531,"CB_1959_MI",,"Michigan",381,"1959"
6,"CB_1959_MN",,"Minnesota",677,"1959"
9,"CB_1959_MO",,"Missouri",607,"1959"
132,"CB_1959_MS",,"Mississippi",191,"1959"
1,"CB_1959_MT",,"Montana",115,"1959"
449,"CB_1959_NC",,"North Carolina",191,"1959"
27,"CB_1959_ND",,"North Dakota",153,"1959"
3,"CB_1959_NE",,"Nebraska",388,"1959"
3,"CB_1959_NH",,"New Hampshire",71,"1959"
398,"CB_1959_NJ",,"New Jersey",255,"1959"
49,"CB_1959_NM",,"New Mexico",52,"1959"
36,"CB_1959_NV",,"Nevada",7,"1959"
1299,"CB_1959_NY",,"New York",403,"1959"
598,"CB_1959_OH",,"Ohio",587,"1959"
18,"CB_1959_OK",,"Oklahoma",382,"1959"
179,"CB_1959_OR",,"Oregon",51,"1959"
738,"CB_1959_PA",,"Pennsylvania",710,"1959"
112,"CB_1959_PR",,"Puerto Rico",7,"1959"
89,"CB_1959_RI",,"Rhode Island",8,"1959"
134,"CB_1959_SC",,"South Carolina",138,"1959"
54,"CB_1959_SD",,"South Dakota",173,"1959"
197,"CB_1959_TN",,"Tennessee",290,"1959"
28,"CB_1959_TX",,"Texas",967,"1959"
70,"CB_1959_UT",,"Utah",46,"1959"
255,"CB_1959_VA",,"Virginia",309,"1959"
5,"CB_1959_VI",,"Virgin Islands Of The U.S.",1,"1959"
33,"CB_1959_VT",,"Vermont",56,"1959"
268,"CB_1959_WA",,"Washington",85,"1959"
152,"CB_1959_WI",,"Wisconsin",550,"1959"
0,"CB_1959_WV",,"West Virginia",181,"1959"
1,"CB_1959_WY",,"Wyoming",53,"1959"
19,"CB_1958_AK",,"Alaska",13,"1958"
62,"CB_1958_AL",,"Alabama",239,"1958"
35,"CB_1958_AR",,"Arkansas",232,"1958"
0,"CB_1958_AS",,"American Samoa",0,"1958"
138,"CB_1958_AZ",,"Arizona",7,"1958"
1462,"CB_1958_CA",,"California",119,"1958"
6,"CB_1958_CO",,"Colorado",157,"1958"
160,"CB_1958_CT",,"Connecticut",70,"1958"
60,"CB_1958_DC",,"District Of Columbia",13,"1958"
42,"CB_1958_DE",,"Delaware",26,"1958"
13,"CB_1958_FL",,"Florida",275,"1958"
0,"CB_1958_FM",,"Federated States of Micronesia",0,"1958"
76,"CB_1958_GA",,"Georgia",356,"1958"
0,"CB_1958_GU",,"Guam",0,"1958"
7,"CB_1958_HI",,"Hawaii",3,"1958"
161,"CB_1958_IA",,"Iowa",628,"1958"
81,"CB_1958_ID",,"Idaho",28,"1958"
4,"CB_1958_IL",,"Illinois",940,"1958"
248,"CB_1958_IN",,"Indiana",452,"1958"
14,"CB_1958_KS",,"Kansas",557,"1958"
116,"CB_1958_KY",,"Kentucky",349,"1958"
156,"CB_1958_LA",,"Louisiana",185,"1958"
322,"CB_1958_MA",,"Massachusetts",165,"1958"
206,"CB_1958_MD",,"Maryland",141,"1958"
109,"CB_1958_ME",,"Maine",49,"1958"
492,"CB_1958_MI",,"Michigan",391,"1958"
6,"CB_1958_MN",,"Minnesota",676,"1958"
4,"CB_1958_MO",,"Missouri",595,"1958"
124,"CB_1958_MS",,"Mississippi",191,"1958"
1,"CB_1958_MT",,"Montana",114,"1958"
409,"CB_1958_NC",,"North Carolina",202,"1958"
27,"CB_1958_ND",,"North Dakota",152,"1958"
2,"CB_1958_NE",,"Nebraska",384,"1958"
3,"CB_1958_NH",,"New Hampshire",66,"1958"
367,"CB_1958_NJ",,"New Jersey",259,"1958"
43,"CB_1958_NM",,"New Mexico",53,"1958"
33,"CB_1958_NV",,"Nevada",6,"1958"
1232,"CB_1958_NY",,"New York",422,"1958"
551,"CB_1958_OH",,"Ohio",605,"1958"
15,"CB_1958_OK",,"Oklahoma",380,"1958"
165,"CB_1958_OR",,"Oregon",53,"1958"
668,"CB_1958_PA",,"Pennsylvania",730,"1958"
102,"CB_1958_PR",,"Puerto Rico",7,"1958"
84,"CB_1958_RI",,"Rhode Island",7,"1958"
128,"CB_1958_SC",,"South Carolina",137,"1958"
54,"CB_1958_SD",,"South Dakota",172,"1958"
183,"CB_1958_TN",,"Tennessee",291,"1958"
23,"CB_1958_TX",,"Texas",946,"1958"
68,"CB_1958_UT",,"Utah",44,"1958"
234,"CB_1958_VA",,"Virginia",312,"1958"
4,"CB_1958_VI",,"Virgin Islands Of The U.S.",2,"1958"
30,"CB_1958_VT",,"Vermont",57,"1958"
253,"CB_1958_WA",,"Washington",87,"1958"
152,"CB_1958_WI",,"Wisconsin",547,"1958"
0,"CB_1958_WV",,"West Virginia",180,"1958"
1,"CB_1958_WY",,"Wyoming",52,"1958"
16,"CB_1957_AK",,"Alaska",13,"1957"
60,"CB_1957_AL",,"Alabama",239,"1957"
29,"CB_1957_AR",,"Arkansas",232,"1957"
0,"CB_1957_AS",,"American Samoa",0,"1957"
126,"CB_1957_AZ",,"Arizona",6,"1957"
1384,"CB_1957_CA",,"California",122,"1957"
5,"CB_1957_CO",,"Colorado",157,"1957"
140,"CB_1957_CT",,"Connecticut",77,"1957"
57,"CB_1957_DC",,"District Of Columbia",16,"1957"
40,"CB_1957_DE",,"Delaware",26,"1957"
13,"CB_1957_FL",,"Florida",265,"1957"
0,"CB_1957_FM",,"Federated States of Micronesia",0,"1957"
69,"CB_1957_GA",,"Georgia",353,"1957"
0,"CB_1957_GU",,"Guam",0,"1957"
6,"CB_1957_HI",,"Hawaii",3,"1957"
159,"CB_1957_IA",,"Iowa",624,"1957"
78,"CB_1957_ID",,"Idaho",28,"1957"
4,"CB_1957_IL",,"Illinois",933,"1957"
223,"CB_1957_IN",,"Indiana",457,"1957"
5,"CB_1957_KS",,"Kansas",552,"1957"
108,"CB_1957_KY",,"Kentucky",351,"1957"
141,"CB_1957_LA",,"Louisiana",181,"1957"
295,"CB_1957_MA",,"Massachusetts",166,"1957"
190,"CB_1957_MD",,"Maryland",147,"1957"
101,"CB_1957_ME",,"Maine",51,"1957"
445,"CB_1957_MI",,"Michigan",393,"1957"
6,"CB_1957_MN",,"Minnesota",673,"1957"
4,"CB_1957_MO",,"Missouri",589,"1957"
116,"CB_1957_MS",,"Mississippi",192,"1957"
1,"CB_1957_MT",,"Montana",114,"1957"
384,"CB_1957_NC",,"North Carolina",209,"1957"
26,"CB_1957_ND",,"North Dakota",150,"1957"
2,"CB_1957_NE",,"Nebraska",382,"1957"
3,"CB_1957_NH",,"New Hampshire",63,"1957"
334,"CB_1957_NJ",,"New Jersey",268,"1957"
39,"CB_1957_NM",,"New Mexico",52,"1957"
32,"CB_1957_NV",,"Nevada",6,"1957"
1174,"CB_1957_NY",,"New York",449,"1957"
491,"CB_1957_OH",,"Ohio",610,"1957"
6,"CB_1957_OK",,"Oklahoma",379,"1957"
157,"CB_1957_OR",,"Oregon",53,"1957"
593,"CB_1957_PA",,"Pennsylvania",758,"1957"
74,"CB_1957_PR",,"Puerto Rico",7,"1957"
77,"CB_1957_RI",,"Rhode Island",8,"1957"
110,"CB_1957_SC",,"South Carolina",137,"1957"
53,"CB_1957_SD",,"South Dakota",172,"1957"
168,"CB_1957_TN",,"Tennessee",291,"1957"
24,"CB_1957_TX",,"Texas",931,"1957"
66,"CB_1957_UT",,"Utah",44,"1957"
217,"CB_1957_VA",,"Virginia",312,"1957"
2,"CB_1957_VI",,"Virgin Islands Of The U.S.",2,"1957"
18,"CB_1957_VT",,"Vermont",58,"1957"
244,"CB_1957_WA",,"Washington",86,"1957"
151,"CB_1957_WI",,"Wisconsin",546,"1957"
0,"CB_1957_WV",,"West Virginia",179,"1957"
1,"CB_1957_WY",,"Wyoming",53,"1957"
14,"CB_1956_AK",,"Alaska",12,"1956"
53,"CB_1956_AL",,"Alabama",237,"1956"
27,"CB_1956_AR",,"Arkansas",231,"1956"
0,"CB_1956_AS",,"American Samoa",0,"1956"
111,"CB_1956_AZ",,"Arizona",9,"1956"
1302,"CB_1956_CA",,"California",132,"1956"
5,"CB_1956_CO",,"Colorado",156,"1956"
119,"CB_1956_CT",,"Connecticut",85,"1956"
54,"CB_1956_DC",,"District Of Columbia",17,"1956"
38,"CB_1956_DE",,"Delaware",27,"1956"
12,"CB_1956_FL",,"Florida",256,"1956"
0,"CB_1956_FM",,"Federated States of Micronesia",0,"1956"
67,"CB_1956_GA",,"Georgia",352,"1956"
0,"CB_1956_GU",,"Guam",0,"1956"
6,"CB_1956_HI",,"Hawaii",3,"1956"
159,"CB_1956_IA",,"Iowa",622,"1956"
72,"CB_1956_ID",,"Idaho",33,"1956"
4,"CB_1956_IL",,"Illinois",922,"1956"
193,"CB_1956_IN",,"Indiana",463,"1956"
3,"CB_1956_KS",,"Kansas",548,"1956"
96,"CB_1956_KY",,"Kentucky",352,"1956"
129,"CB_1956_LA",,"Louisiana",179,"1956"
277,"CB_1956_MA",,"Massachusetts",167,"1956"
178,"CB_1956_MD",,"Maryland",149,"1956"
92,"CB_1956_ME",,"Maine",51,"1956"
416,"CB_1956_MI",,"Michigan",401,"1956"
6,"CB_1956_MN",,"Minnesota",672,"1956"
4,"CB_1956_MO",,"Missouri",588,"1956"
103,"CB_1956_MS",,"Mississippi",193,"1956"
0,"CB_1956_MT",,"Montana",113,"1956"
354,"CB_1956_NC",,"North Carolina",213,"1956"
26,"CB_1956_ND",,"North Dakota",149,"1956"
2,"CB_1956_NE",,"Nebraska",382,"1956"
2,"CB_1956_NH",,"New Hampshire",62,"1956"
308,"CB_1956_NJ",,"New Jersey",273,"1956"
35,"CB_1956_NM",,"New Mexico",52,"1956"
29,"CB_1956_NV",,"Nevada",6,"1956"
1108,"CB_1956_NY",,"New York",472,"1956"
435,"CB_1956_OH",,"Ohio",615,"1956"
6,"CB_1956_OK",,"Oklahoma",378,"1956"
151,"CB_1956_OR",,"Oregon",49,"1956"
535,"CB_1956_PA",,"Pennsylvania",778,"1956"
63,"CB_1956_PR",,"Puerto Rico",7,"1956"
72,"CB_1956_RI",,"Rhode Island",8,"1956"
95,"CB_1956_SC",,"South Carolina",139,"1956"
54,"CB_1956_SD",,"South Dakota",171,"1956"
152,"CB_1956_TN",,"Tennessee",290,"1956"
22,"CB_1956_TX",,"Texas",917,"1956"
54,"CB_1956_UT",,"Utah",47,"1956"
199,"CB_1956_VA",,"Virginia",312,"1956"
2,"CB_1956_VI",,"Virgin Islands Of The U.S.",2,"1956"
16,"CB_1956_VT",,"Vermont",60,"1956"
229,"CB_1956_WA",,"Washington",90,"1956"
149,"CB_1956_WI",,"Wisconsin",545,"1956"
0,"CB_1956_WV",,"West Virginia",178,"1956"
1,"CB_1956_WY",,"Wyoming",53,"1956"
14,"CB_1955_AK",,"Alaska",10,"1955"
47,"CB_1955_AL",,"Alabama",237,"1955"
25,"CB_1955_AR",,"Arkansas",228,"1955"
0,"CB_1955_AS",,"American Samoa",0,"1955"
93,"CB_1955_AZ",,"Arizona",10,"1955"
1209,"CB_1955_CA",,"California",140,"1955"
5,"CB_1955_CO",,"Colorado",154,"1955"
103,"CB_1955_CT",,"Connecticut",87,"1955"
54,"CB_1955_DC",,"District Of Columbia",17,"1955"
36,"CB_1955_DE",,"Delaware",29,"1955"
12,"CB_1955_FL",,"Florida",233,"1955"
0,"CB_1955_FM",,"Federated States of Micronesia",0,"1955"
61,"CB_1955_GA",,"Georgia",349,"1955"
0,"CB_1955_GU",,"Guam",0,"1955"
4,"CB_1955_HI",,"Hawaii",3,"1955"
160,"CB_1955_IA",,"Iowa",619,"1955"
67,"CB_1955_ID",,"Idaho",36,"1955"
4,"CB_1955_IL",,"Illinois",913,"1955"
166,"CB_1955_IN",,"Indiana",466,"1955"
2,"CB_1955_KS",,"Kansas",502,"1955"
84,"CB_1955_KY",,"Kentucky",353,"1955"
117,"CB_1955_LA",,"Louisiana",174,"1955"
260,"CB_1955_MA",,"Massachusetts",170,"1955"
166,"CB_1955_MD",,"Maryland",151,"1955"
85,"CB_1955_ME",,"Maine",52,"1955"
376,"CB_1955_MI",,"Michigan",412,"1955"
6,"CB_1955_MN",,"Minnesota",669,"1955"
3,"CB_1955_MO",,"Missouri",585,"1955"
98,"CB_1955_MS",,"Mississippi",194,"1955"
0,"CB_1955_MT",,"Montana",113,"1955"
323,"CB_1955_NC",,"North Carolina",219,"1955"
24,"CB_1955_ND",,"North Dakota",149,"1955"
1,"CB_1955_NE",,"Nebraska",379,"1955"
2,"CB_1955_NH",,"New Hampshire",63,"1955"
261,"CB_1955_NJ",,"New Jersey",294,"1955"
30,"CB_1955_NM",,"New Mexico",51,"1955"
29,"CB_1955_NV",,"Nevada",6,"1955"
1035,"CB_1955_NY",,"New York",499,"1955"
369,"CB_1955_OH",,"Ohio",620,"1955"
3,"CB_1955_OK",,"Oklahoma",377,"1955"
145,"CB_1955_OR",,"Oregon",47,"1955"
468,"CB_1955_PA",,"Pennsylvania",804,"1955"
57,"CB_1955_PR",,"Puerto Rico",7,"1955"
68,"CB_1955_RI",,"Rhode Island",8,"1955"
86,"CB_1955_SC",,"South Carolina",139,"1955"
54,"CB_1955_SD",,"South Dakota",171,"1955"
138,"CB_1955_TN",,"Tennessee",292,"1955"
19,"CB_1955_TX",,"Texas",899,"1955"
45,"CB_1955_UT",,"Utah",51,"1955"
176,"CB_1955_VA",,"Virginia",316,"1955"
2,"CB_1955_VI",,"Virgin Islands Of The U.S.",2,"1955"
15,"CB_1955_VT",,"Vermont",61,"1955"
208,"CB_1955_WA",,"Washington",100,"1955"
149,"CB_1955_WI",,"Wisconsin",547,"1955"
0,"CB_1955_WV",,"West Virginia",177,"1955"
1,"CB_1955_WY",,"Wyoming",53,"1955"
13,"CB_1954_AK",,"Alaska",9,"1954"
37,"CB_1954_AL",,"Alabama",234,"1954"
23,"CB_1954_AR",,"Arkansas",225,"1954"
0,"CB_1954_AS",,"American Samoa",0,"1954"
82,"CB_1954_AZ",,"Arizona",12,"1954"
1119,"CB_1954_CA",,"California",162,"1954"
5,"CB_1954_CO",,"Colorado",152,"1954"
88,"CB_1954_CT",,"Connecticut",92,"1954"
54,"CB_1954_DC",,"District Of Columbia",17,"1954"
31,"CB_1954_DE",,"Delaware",33,"1954"
12,"CB_1954_FL",,"Florida",221,"1954"
0,"CB_1954_FM",,"Federated States of Micronesia",0,"1954"
58,"CB_1954_GA",,"Georgia",347,"1954"
0,"CB_1954_GU",,"Guam",0,"1954"
3,"CB_1954_HI",,"Hawaii",3,"1954"
160,"CB_1954_IA",,"Iowa",615,"1954"
65,"CB_1954_ID",,"Idaho",38,"1954"
3,"CB_1954_IL",,"Illinois",902,"1954"
153,"CB_1954_IN",,"Indiana",466,"1954"
3,"CB_1954_KS",,"Kansas",487,"1954"
66,"CB_1954_KY",,"Kentucky",354,"1954"
102,"CB_1954_LA",,"Louisiana",171,"1954"
231,"CB_1954_MA",,"Massachusetts",171,"1954"
154,"CB_1954_MD",,"Maryland",151,"1954"
80,"CB_1954_ME",,"Maine",54,"1954"
337,"CB_1954_MI",,"Michigan",419,"1954"
6,"CB_1954_MN",,"Minnesota",667,"1954"
1,"CB_1954_MO",,"Missouri",581,"1954"
86,"CB_1954_MS",,"Mississippi",194,"1954"
0,"CB_1954_MT",,"Montana",110,"1954"
301,"CB_1954_NC",,"North Carolina",223,"1954"
23,"CB_1954_ND",,"North Dakota",149,"1954"
1,"CB_1954_NE",,"Nebraska",375,"1954"
2,"CB_1954_NH",,"New Hampshire",63,"1954"
231,"CB_1954_NJ",,"New Jersey",304,"1954"
26,"CB_1954_NM",,"New Mexico",52,"1954"
24,"CB_1954_NV",,"Nevada",8,"1954"
962,"CB_1954_NY",,"New York",549,"1954"
333,"CB_1954_OH",,"Ohio",629,"1954"
2,"CB_1954_OK",,"Oklahoma",376,"1954"
138,"CB_1954_OR",,"Oregon",45,"1954"
392,"CB_1954_PA",,"Pennsylvania",843,"1954"
56,"CB_1954_PR",,"Puerto Rico",7,"1954"
62,"CB_1954_RI",,"Rhode Island",8,"1954"
78,"CB_1954_SC",,"South Carolina",139,"1954"
52,"CB_1954_SD",,"South Dakota",170,"1954"
128,"CB_1954_TN",,"Tennessee",290,"1954"
17,"CB_1954_TX",,"Texas",886,"1954"
38,"CB_1954_UT",,"Utah",54,"1954"
157,"CB_1954_VA",,"Virginia",316,"1954"
2,"CB_1954_VI",,"Virgin Islands Of The U.S.",2,"1954"
13,"CB_1954_VT",,"Vermont",64,"1954"
186,"CB_1954_WA",,"Washington",104,"1954"
149,"CB_1954_WI",,"Wisconsin",548,"1954"
0,"CB_1954_WV",,"West Virginia",179,"1954"
1,"CB_1954_WY",,"Wyoming",53,"1954"
10,"CB_1953_AK",,"Alaska",8,"1953"
31,"CB_1953_AL",,"Alabama",231,"1953"
22,"CB_1953_AR",,"Arkansas",224,"1953"
0,"CB_1953_AS",,"American Samoa",0,"1953"
73,"CB_1953_AZ",,"Arizona",13,"1953"
1056,"CB_1953_CA",,"California",197,"1953"
5,"CB_1953_CO",,"Colorado",152,"1953"
76,"CB_1953_CT",,"Connecticut",94,"1953"
51,"CB_1953_DC",,"District Of Columbia",19,"1953"
32,"CB_1953_DE",,"Delaware",34,"1953"
12,"CB_1953_FL",,"Florida",213,"1953"
0,"CB_1953_FM",,"Federated States of Micronesia",0,"1953"
57,"CB_1953_GA",,"Georgia",345,"1953"
0,"CB_1953_GU",,"Guam",0,"1953"
3,"CB_1953_HI",,"Hawaii",2,"1953"
161,"CB_1953_IA",,"Iowa",612,"1953"
65,"CB_1953_ID",,"Idaho",38,"1953"
3,"CB_1953_IL",,"Illinois",889,"1953"
141,"CB_1953_IN",,"Indiana",469,"1953"
3,"CB_1953_KS",,"Kansas",477,"1953"
59,"CB_1953_KY",,"Kentucky",360,"1953"
95,"CB_1953_LA",,"Louisiana",170,"1953"
212,"CB_1953_MA",,"Massachusetts",173,"1953"
145,"CB_1953_MD",,"Maryland",153,"1953"
74,"CB_1953_ME",,"Maine",55,"1953"
301,"CB_1953_MI",,"Michigan",419,"1953"
6,"CB_1953_MN",,"Minnesota",665,"1953"
1,"CB_1953_MO",,"Missouri",580,"1953"
78,"CB_1953_MS",,"Mississippi",197,"1953"
0,"CB_1953_MT",,"Montana",109,"1953"
270,"CB_1953_NC",,"North Carolina",225,"1953"
22,"CB_1953_ND",,"North Dakota",148,"1953"
2,"CB_1953_NE",,"Nebraska",373,"1953"
2,"CB_1953_NH",,"New Hampshire",62,"1953"
207,"CB_1953_NJ",,"New Jersey",307,"1953"
25,"CB_1953_NM",,"New Mexico",51,"1953"
22,"CB_1953_NV",,"Nevada",8,"1953"
912,"CB_1953_NY",,"New York",572,"1953"
305,"CB_1953_OH",,"Ohio",638,"1953"
2,"CB_1953_OK",,"Oklahoma",376,"1953"
116,"CB_1953_OR",,"Oregon",65,"1953"
310,"CB_1953_PA",,"Pennsylvania",888,"1953"
53,"CB_1953_PR",,"Puerto Rico",8,"1953"
55,"CB_1953_RI",,"Rhode Island",9,"1953"
71,"CB_1953_SC",,"South Carolina",136,"1953"
52,"CB_1953_SD",,"South Dakota",169,"1953"
124,"CB_1953_TN",,"Tennessee",291,"1953"
17,"CB_1953_TX",,"Texas",882,"1953"
37,"CB_1953_UT",,"Utah",54,"1953"
144,"CB_1953_VA",,"Virginia",316,"1953"
1,"CB_1953_VI",,"Virgin Islands Of The U.S.",2,"1953"
11,"CB_1953_VT",,"Vermont",66,"1953"
173,"CB_1953_WA",,"Washington",109,"1953"
149,"CB_1953_WI",,"Wisconsin",548,"1953"
0,"CB_1953_WV",,"West Virginia",178,"1953"
1,"CB_1953_WY",,"Wyoming",53,"1953"
9,"CB_1952_AK",,"Alaska",7,"1952"
30,"CB_1952_AL",,"Alabama",229,"1952"
22,"CB_1952_AR",,"Arkansas",224,"1952"
0,"CB_1952_AS",,"American Samoa",0,"1952"
70,"CB_1952_AZ",,"Arizona",13,"1952"
1034,"CB_1952_CA",,"California",189,"1952"
5,"CB_1952_CO",,"Colorado",148,"1952"
68,"CB_1952_CT",,"Connecticut",95,"1952"
48,"CB_1952_DC",,"District Of Columbia",19,"1952"
29,"CB_1952_DE",,"Delaware",34,"1952"
10,"CB_1952_FL",,"Florida",209,"1952"
0,"CB_1952_FM",,"Federated States of Micronesia",0,"1952"
51,"CB_1952_GA",,"Georgia",341,"1952"
0,"CB_1952_GU",,"Guam",0,"1952"
1,"CB_1952_HI",,"Hawaii",2,"1952"
160,"CB_1952_IA",,"Iowa",609,"1952"
62,"CB_1952_ID",,"Idaho",39,"1952"
3,"CB_1952_IL",,"Illinois",883,"1952"
125,"CB_1952_IN",,"Indiana",471,"1952"
2,"CB_1952_KS",,"Kansas",474,"1952"
57,"CB_1952_KY",,"Kentucky",362,"1952"
89,"CB_1952_LA",,"Louisiana",166,"1952"
199,"CB_1952_MA",,"Massachusetts",173,"1952"
141,"CB_1952_MD",,"Maryland",154,"1952"
72,"CB_1952_ME",,"Maine",55,"1952"
278,"CB_1952_MI",,"Michigan",412,"1952"
6,"CB_1952_MN",,"Minnesota",664,"1952"
1,"CB_1952_MO",,"Missouri",576,"1952"
73,"CB_1952_MS",,"Mississippi",199,"1952"
0,"CB_1952_MT",,"Montana",109,"1952"
255,"CB_1952_NC",,"North Carolina",225,"1952"
22,"CB_1952_ND",,"North Dakota",146,"1952"
2,"CB_1952_NE",,"Nebraska",369,"1952"
1,"CB_1952_NH",,"New Hampshire",58,"1952"
189,"CB_1952_NJ",,"New Jersey",308,"1952"
23,"CB_1952_NM",,"New Mexico",51,"1952"
22,"CB_1952_NV",,"Nevada",8,"1952"
861,"CB_1952_NY",,"New York",595,"1952"
271,"CB_1952_OH",,"Ohio",644,"1952"
2,"CB_1952_OK",,"Oklahoma",376,"1952"
111,"CB_1952_OR",,"Oregon",66,"1952"
252,"CB_1952_PA",,"Pennsylvania",923,"1952"
49,"CB_1952_PR",,"Puerto Rico",7,"1952"
52,"CB_1952_RI",,"Rhode Island",10,"1952"
64,"CB_1952_SC",,"South Carolina",134,"1952"
52,"CB_1952_SD",,"South Dakota",170,"1952"
113,"CB_1952_TN",,"Tennessee",290,"1952"
14,"CB_1952_TX",,"Texas",877,"1952"
34,"CB_1952_UT",,"Utah",55,"1952"
128,"CB_1952_VA",,"Virginia",315,"1952"
1,"CB_1952_VI",,"Virgin Islands Of The U.S.",1,"1952"
11,"CB_1952_VT",,"Vermont",66,"1952"
162,"CB_1952_WA",,"Washington",114,"1952"
150,"CB_1952_WI",,"Wisconsin",545,"1952"
0,"CB_1952_WV",,"West Virginia",178,"1952"
0,"CB_1952_WY",,"Wyoming",52,"1952"
5,"CB_1951_AK",,"Alaska",6,"1951"
28,"CB_1951_AL",,"Alabama",226,"1951"
21,"CB_1951_AR",,"Arkansas",224,"1951"
0,"CB_1951_AS",,"American Samoa",0,"1951"
67,"CB_1951_AZ",,"Arizona",12,"1951"
1003,"CB_1951_CA",,"California",190,"1951"
4,"CB_1951_CO",,"Colorado",147,"1951"
60,"CB_1951_CT",,"Connecticut",94,"1951"
47,"CB_1951_DC",,"District Of Columbia",19,"1951"
23,"CB_1951_DE",,"Delaware",35,"1951"
9,"CB_1951_FL",,"Florida",204,"1951"
0,"CB_1951_FM",,"Federated States of Micronesia",0,"1951"
47,"CB_1951_GA",,"Georgia",337,"1951"
0,"CB_1951_GU",,"Guam",0,"1951"
0,"CB_1951_HI",,"Hawaii",2,"1951"
160,"CB_1951_IA",,"Iowa",606,"1951"
58,"CB_1951_ID",,"Idaho",41,"1951"
2,"CB_1951_IL",,"Illinois",882,"1951"
120,"CB_1951_IN",,"Indiana",471,"1951"
2,"CB_1951_KS",,"Kansas",468,"1951"
51,"CB_1951_KY",,"Kentucky",361,"1951"
83,"CB_1951_LA",,"Louisiana",165,"1951"
188,"CB_1951_MA",,"Massachusetts",173,"1951"
133,"CB_1951_MD",,"Maryland",158,"1951"
66,"CB_1951_ME",,"Maine",54,"1951"
250,"CB_1951_MI",,"Michigan",414,"1951"
6,"CB_1951_MN",,"Minnesota",663,"1951"
1,"CB_1951_MO",,"Missouri",575,"1951"
71,"CB_1951_MS",,"Mississippi",198,"1951"
0,"CB_1951_MT",,"Montana",110,"1951"
233,"CB_1951_NC",,"North Carolina",224,"1951"
22,"CB_1951_ND",,"North Dakota",145,"1951"
2,"CB_1951_NE",,"Nebraska",367,"1951"
1,"CB_1951_NH",,"New Hampshire",58,"1951"
176,"CB_1951_NJ",,"New Jersey",314,"1951"
23,"CB_1951_NM",,"New Mexico",51,"1951"
21,"CB_1951_NV",,"Nevada",8,"1951"
830,"CB_1951_NY",,"New York",610,"1951"
246,"CB_1951_OH",,"Ohio",649,"1951"
1,"CB_1951_OK",,"Oklahoma",374,"1951"
104,"CB_1951_OR",,"Oregon",68,"1951"
216,"CB_1951_PA",,"Pennsylvania",944,"1951"
37,"CB_1951_PR",,"Puerto Rico",7,"1951"
52,"CB_1951_RI",,"Rhode Island",11,"1951"
54,"CB_1951_SC",,"South Carolina",134,"1951"
50,"CB_1951_SD",,"South Dakota",169,"1951"
103,"CB_1951_TN",,"Tennessee",291,"1951"
12,"CB_1951_TX",,"Texas",870,"1951"
30,"CB_1951_UT",,"Utah",54,"1951"
120,"CB_1951_VA",,"Virginia",315,"1951"
1,"CB_1951_VI",,"Virgin Islands Of The U.S.",1,"1951"
11,"CB_1951_VT",,"Vermont",68,"1951"
156,"CB_1951_WA",,"Washington",114,"1951"
151,"CB_1951_WI",,"Wisconsin",545,"1951"
0,"CB_1951_WV",,"West Virginia",177,"1951"
0,"CB_1951_WY",,"Wyoming",52,"1951"
4,"CB_1950_AK",,"Alaska",5,"1950"
26,"CB_1950_AL",,"Alabama",225,"1950"
19,"CB_1950_AR",,"Arkansas",222,"1950"
0,"CB_1950_AS",,"American Samoa",0,"1950"
55,"CB_1950_AZ",,"Arizona",10,"1950"
978,"CB_1950_CA",,"California",191,"1950"
4,"CB_1950_CO",,"Colorado",144,"1950"
50,"CB_1950_CT",,"Connecticut",92,"1950"
45,"CB_1950_DC",,"District Of Columbia",19,"1950"
19,"CB_1950_DE",,"Delaware",37,"1950"
6,"CB_1950_FL",,"Florida",195,"1950"
0,"CB_1950_FM",,"Federated States of Micronesia",0,"1950"
41,"CB_1950_GA",,"Georgia",331,"1950"
0,"CB_1950_GU",,"Guam",0,"1950"
0,"CB_1950_HI",,"Hawaii",1,"1950"
159,"CB_1950_IA",,"Iowa",606,"1950"
55,"CB_1950_ID",,"Idaho",42,"1950"
2,"CB_1950_IL",,"Illinois",876,"1950"
108,"CB_1950_IN",,"Indiana",475,"1950"
0,"CB_1950_KS",,"Kansas",466,"1950"
44,"CB_1950_KY",,"Kentucky",362,"1950"
77,"CB_1950_LA",,"Louisiana",164,"1950"
175,"CB_1950_MA",,"Massachusetts",174,"1950"
118,"CB_1950_MD",,"Maryland",162,"1950"
62,"CB_1950_ME",,"Maine",53,"1950"
233,"CB_1950_MI",,"Michigan",414,"1950"
6,"CB_1950_MN",,"Minnesota",661,"1950"
1,"CB_1950_MO",,"Missouri",576,"1950"
68,"CB_1950_MS",,"Mississippi",197,"1950"
0,"CB_1950_MT",,"Montana",110,"1950"
216,"CB_1950_NC",,"North Carolina",224,"1950"
22,"CB_1950_ND",,"North Dakota",145,"1950"
2,"CB_1950_NE",,"Nebraska",367,"1950"
1,"CB_1950_NH",,"New Hampshire",58,"1950"
165,"CB_1950_NJ",,"New Jersey",320,"1950"
15,"CB_1950_NM",,"New Mexico",51,"1950"
19,"CB_1950_NV",,"Nevada",8,"1950"
785,"CB_1950_NY",,"New York",622,"1950"
226,"CB_1950_OH",,"Ohio",650,"1950"
1,"CB_1950_OK",,"Oklahoma",375,"1950"
102,"CB_1950_OR",,"Oregon",68,"1950"
189,"CB_1950_PA",,"Pennsylvania",954,"1950"
34,"CB_1950_PR",,"Puerto Rico",7,"1950"
47,"CB_1950_RI",,"Rhode Island",12,"1950"
49,"CB_1950_SC",,"South Carolina",131,"1950"
49,"CB_1950_SD",,"South Dakota",169,"1950"
98,"CB_1950_TN",,"Tennessee",289,"1950"
12,"CB_1950_TX",,"Texas",861,"1950"
24,"CB_1950_UT",,"Utah",55,"1950"
114,"CB_1950_VA",,"Virginia",313,"1950"
1,"CB_1950_VI",,"Virgin Islands Of The U.S.",1,"1950"
11,"CB_1950_VT",,"Vermont",69,"1950"
144,"CB_1950_WA",,"Washington",115,"1950"
151,"CB_1950_WI",,"Wisconsin",543,"1950"
0,"CB_1950_WV",,"West Virginia",176,"1950"
0,"CB_1950_WY",,"Wyoming",53,"1950"
3,"CB_1949_AK",,"Alaska",5,"1949"
23,"CB_1949_AL",,"Alabama",224,"1949"
21,"CB_1949_AR",,"Arkansas",221,"1949"
0,"CB_1949_AS",,"American Samoa",0,"1949"
51,"CB_1949_AZ",,"Arizona",9,"1949"
948,"CB_1949_CA",,"California",195,"1949"
1,"CB_1949_CO",,"Colorado",140,"1949"
36,"CB_1949_CT",,"Connecticut",95,"1949"
41,"CB_1949_DC",,"District Of Columbia",19,"1949"
15,"CB_1949_DE",,"Delaware",37,"1949"
4,"CB_1949_FL",,"Florida",189,"1949"
0,"CB_1949_FM",,"Federated States of Micronesia",0,"1949"
37,"CB_1949_GA",,"Georgia",328,"1949"
0,"CB_1949_GU",,"Guam",0,"1949"
0,"CB_1949_HI",,"Hawaii",1,"1949"
159,"CB_1949_IA",,"Iowa",604,"1949"
53,"CB_1949_ID",,"Idaho",42,"1949"
3,"CB_1949_IL",,"Illinois",874,"1949"
99,"CB_1949_IN",,"Indiana",477,"1949"
0,"CB_1949_KS",,"Kansas",461,"1949"
41,"CB_1949_KY",,"Kentucky",362,"1949"
72,"CB_1949_LA",,"Louisiana",161,"1949"
168,"CB_1949_MA",,"Massachusetts",175,"1949"
114,"CB_1949_MD",,"Maryland",162,"1949"
61,"CB_1949_ME",,"Maine",54,"1949"
219,"CB_1949_MI",,"Michigan",418,"1949"
6,"CB_1949_MN",,"Minnesota",660,"1949"
0,"CB_1949_MO",,"Missouri",571,"1949"
64,"CB_1949_MS",,"Mississippi",198,"1949"
0,"CB_1949_MT",,"Montana",111,"1949"
192,"CB_1949_NC",,"North Carolina",226,"1949"
22,"CB_1949_ND",,"North Dakota",145,"1949"
2,"CB_1949_NE",,"Nebraska",361,"1949"
1,"CB_1949_NH",,"New Hampshire",57,"1949"
151,"CB_1949_NJ",,"New Jersey",328,"1949"
12,"CB_1949_NM",,"New Mexico",51,"1949"
19,"CB_1949_NV",,"Nevada",8,"1949"
756,"CB_1949_NY",,"New York",633,"1949"
215,"CB_1949_OH",,"Ohio",649,"1949"
1,"CB_1949_OK",,"Oklahoma",375,"1949"
96,"CB_1949_OR",,"Oregon",68,"1949"
177,"CB_1949_PA",,"Pennsylvania",960,"1949"
0,"CB_1949_PR",,"Puerto Rico",0,"1949"
39,"CB_1949_RI",,"Rhode Island",13,"1949"
41,"CB_1949_SC",,"South Carolina",134,"1949"
48,"CB_1949_SD",,"South Dakota",169,"1949"
87,"CB_1949_TN",,"Tennessee",288,"1949"
5,"CB_1949_TX",,"Texas",850,"1949"
23,"CB_1949_UT",,"Utah",55,"1949"
109,"CB_1949_VA",,"Virginia",312,"1949"
1,"CB_1949_VI",,"Virgin Islands Of The U.S.",1,"1949"
11,"CB_1949_VT",,"Vermont",69,"1949"
133,"CB_1949_WA",,"Washington",119,"1949"
150,"CB_1949_WI",,"Wisconsin",543,"1949"
0,"CB_1949_WV",,"West Virginia",176,"1949"
0,"CB_1949_WY",,"Wyoming",53,"1949"
1,"CB_1948_AK",,"Alaska",4,"1948"
23,"CB_1948_AL",,"Alabama",221,"1948"
19,"CB_1948_AR",,"Arkansas",219,"1948"
0,"CB_1948_AS",,"American Samoa",0,"1948"
44,"CB_1948_AZ",,"Arizona",10,"1948"
916,"CB_1948_CA",,"California",191,"1948"
1,"CB_1948_CO",,"Colorado",138,"1948"
16,"CB_1948_CT",,"Connecticut",98,"1948"
39,"CB_1948_DC",,"District Of Columbia",19,"1948"
14,"CB_1948_DE",,"Delaware",38,"1948"
3,"CB_1948_FL",,"Florida",185,"1948"
0,"CB_1948_FM",,"Federated States of Micronesia",0,"1948"
29,"CB_1948_GA",,"Georgia",318,"1948"
0,"CB_1948_GU",,"Guam",0,"1948"
0,"CB_1948_HI",,"Hawaii",1,"1948"
157,"CB_1948_IA",,"Iowa",606,"1948"
48,"CB_1948_ID",,"Idaho",46,"1948"
3,"CB_1948_IL",,"Illinois",870,"1948"
96,"CB_1948_IN",,"Indiana",473,"1948"
0,"CB_1948_KS",,"Kansas",455,"1948"
39,"CB_1948_KY",,"Kentucky",360,"1948"
65,"CB_1948_LA",,"Louisiana",160,"1948"
161,"CB_1948_MA",,"Massachusetts",180,"1948"
108,"CB_1948_MD",,"Maryland",161,"1948"
61,"CB_1948_ME",,"Maine",54,"1948"
205,"CB_1948_MI",,"Michigan",418,"1948"
6,"CB_1948_MN",,"Minnesota",657,"1948"
0,"CB_1948_MO",,"Missouri",570,"1948"
58,"CB_1948_MS",,"Mississippi",201,"1948"
0,"CB_1948_MT",,"Montana",112,"1948"
179,"CB_1948_NC",,"North Carolina",225,"1948"
22,"CB_1948_ND",,"North Dakota",145,"1948"
2,"CB_1948_NE",,"Nebraska",361,"1948"
1,"CB_1948_NH",,"New Hampshire",57,"1948"
141,"CB_1948_NJ",,"New Jersey",333,"1948"
11,"CB_1948_NM",,"New Mexico",49,"1948"
18,"CB_1948_NV",,"Nevada",8,"1948"
731,"CB_1948_NY",,"New York",641,"1948"
204,"CB_1948_OH",,"Ohio",653,"1948"
1,"CB_1948_OK",,"Oklahoma",375,"1948"
88,"CB_1948_OR",,"Oregon",69,"1948"
162,"CB_1948_PA",,"Pennsylvania",967,"1948"
0,"CB_1948_PR",,"Puerto Rico",0,"1948"
38,"CB_1948_RI",,"Rhode Island",14,"1948"
37,"CB_1948_SC",,"South Carolina",129,"1948"
48,"CB_1948_SD",,"South Dakota",170,"1948"
82,"CB_1948_TN",,"Tennessee",287,"1948"
3,"CB_1948_TX",,"Texas",839,"1948"
22,"CB_1948_UT",,"Utah",55,"1948"
96,"CB_1948_VA",,"Virginia",314,"1948"
1,"CB_1948_VI",,"Virgin Islands Of The U.S.",1,"1948"
11,"CB_1948_VT",,"Vermont",69,"1948"
124,"CB_1948_WA",,"Washington",119,"1948"
149,"CB_1948_WI",,"Wisconsin",542,"1948"
0,"CB_1948_WV",,"West Virginia",177,"1948"
0,"CB_1948_WY",,"Wyoming",55,"1948"