"Year","State","Number"
"1948","AB",0
"1949","AB",0
"1950","AB",0
"1951","AB",0
"1952","AB",0
"1953","AB",0
"1954","AB",0
"1955","AB",0
"1956","AB",0
"1957","AB",0
"1958","AB",0
"1959","AB",0
"1960","AB",0
"1961","AB",0
"1962","AB",0
"1963","AB",0
"1964","AB",0
"1965","AB",0
"1966","AB",0
"1967","AB",0
"1968","AB",0
"1969","AB",0
"1970","AB",0
"1971","AB",1
"1972","AB",2
"1973","AB",2
"1974","AB",18
"1975","AB",27
"1976","AB",20
"1977","AB",50
"1978","AB",32
"1979","AB",57
"1980","AB",29
"1981","AB",54
"1982","AB",47
"1983","AB",51
"1984","AB",38
"1948","AK",0
"1949","AK",0
"1950","AK",0
"1951","AK",0
"1952","AK",0
"1953","AK",0
"1954","AK",0
"1955","AK",0
"1956","AK",0
"1957","AK",0
"1958","AK",0
"1959","AK",0
"1960","AK",0
"1961","AK",0
"1962","AK",0
"1963","AK",0
"1964","AK",0
"1965","AK",0
"1966","AK",0
"1967","AK",0
"1968","AK",0
"1969","AK",0
"1970","AK",0
"1971","AK",0
"1972","AK",0
"1973","AK",0
"1974","AK",2
"1975","AK",0
"1976","AK",3
"1977","AK",3
"1978","AK",0
"1979","AK",1
"1980","AK",2
"1981","AK",2
"1982","AK",2
"1983","AK",0
"1984","AK",1
"1948","AL",0
"1949","AL",0
"1950","AL",0
"1951","AL",0
"1952","AL",0
"1953","AL",0
"1954","AL",0
"1955","AL",0
"1956","AL",0
"1957","AL",0
"1958","AL",1
"1959","AL",0
"1960","AL",0
"1961","AL",0
"1962","AL",0
"1963","AL",0
"1964","AL",0
"1965","AL",0
"1966","AL",0
"1967","AL",0
"1968","AL",0
"1969","AL",0
"1970","AL",1
"1971","AL",2
"1972","AL",2
"1973","AL",2
"1974","AL",20
"1975","AL",52
"1976","AL",46
"1977","AL",52
"1978","AL",64
"1979","AL",58
"1980","AL",63
"1981","AL",55
"1982","AL",63
"1983","AL",80
"1984","AL",105
"1948","AR",0
"1949","AR",0
"1950","AR",0
"1951","AR",0
"1952","AR",0
"1953","AR",0
"1954","AR",0
"1955","AR",0
"1956","AR",0
"1957","AR",0
"1958","AR",0
"1959","AR",0
"1960","AR",0
"1961","AR",0
"1962","AR",0
"1963","AR",0
"1964","AR",0
"1965","AR",0
"1966","AR",0
"1967","AR",0
"1968","AR",0
"1969","AR",0
"1970","AR",0
"1971","AR",1
"1972","AR",2
"1973","AR",0
"1974","AR",7
"1975","AR",23
"1976","AR",16
"1977","AR",35
"1978","AR",26
"1979","AR",21
"1980","AR",30
"1981","AR",37
"1982","AR",21
"1983","AR",25
"1984","AR",31
"1948","AZ",0
"1949","AZ",0
"1950","AZ",0
"1951","AZ",0
"1952","AZ",0
"1953","AZ",0
"1954","AZ",0
"1955","AZ",0
"1956","AZ",0
"1957","AZ",0
"1958","AZ",0
"1959","AZ",0
"1960","AZ",0
"1961","AZ",0
"1962","AZ",0
"1963","AZ",0
"1964","AZ",0
"1965","AZ",0
"1966","AZ",1
"1967","AZ",0
"1968","AZ",0
"1969","AZ",0
"1970","AZ",1
"1971","AZ",1
"1972","AZ",3
"1973","AZ",12
"1974","AZ",45
"1975","AZ",108
"1976","AZ",92
"1977","AZ",119
"1978","AZ",125
"1979","AZ",120
"1980","AZ",154
"1981","AZ",116
"1982","AZ",138
"1983","AZ",151
"1984","AZ",153
"1948","BC",0
"1949","BC",0
"1950","BC",0
"1951","BC",0
"1952","BC",0
"1953","BC",0
"1954","BC",0
"1955","BC",0
"1956","BC",0
"1957","BC",0
"1958","BC",0
"1959","BC",0
"1960","BC",0
"1961","BC",0
"1962","BC",0
"1963","BC",0
"1964","BC",0
"1965","BC",0
"1966","BC",0
"1967","BC",0
"1968","BC",0
"1969","BC",0
"1970","BC",2
"1971","BC",0
"1972","BC",1
"1973","BC",3
"1974","BC",21
"1975","BC",46
"1976","BC",59
"1977","BC",39
"1978","BC",44
"1979","BC",35
"1980","BC",59
"1981","BC",41
"1982","BC",51
"1983","BC",40
"1984","BC",41
"1948","CA",0
"1949","CA",2
"1950","CA",2
"1951","CA",2
"1952","CA",1
"1953","CA",0
"1954","CA",0
"1955","CA",2
"1956","CA",2
"1957","CA",2
"1958","CA",0
"1959","CA",0
"1960","CA",4
"1961","CA",3
"1962","CA",3
"1963","CA",4
"1964","CA",5
"1965","CA",7
"1966","CA",16
"1967","CA",21
"1968","CA",15
"1969","CA",18
"1970","CA",27
"1971","CA",52
"1972","CA",117
"1973","CA",400
"1974","CA",1707
"1975","CA",3181
"1976","CA",3254
"1977","CA",3293
"1978","CA",3205
"1979","CA",3242
"1980","CA",3170
"1981","CA",3202
"1982","CA",3391
"1983","CA",3248
"1984","CA",3642
"1948","CO",0
"1949","CO",0
"1950","CO",0
"1951","CO",0
"1952","CO",0
"1953","CO",0
"1954","CO",0
"1955","CO",0
"1956","CO",0
"1957","CO",0
"1958","CO",0
"1959","CO",0
"1960","CO",0
"1961","CO",0
"1962","CO",0
"1963","CO",0
"1964","CO",0
"1965","CO",0
"1966","CO",0
"1967","CO",0
"1968","CO",0
"1969","CO",0
"1970","CO",3
"1971","CO",4
"1972","CO",8
"1973","CO",31
"1974","CO",126
"1975","CO",231
"1976","CO",245
"1977","CO",266
"1978","CO",252
"1979","CO",228
"1980","CO",237
"1981","CO",228
"1982","CO",210
"1983","CO",264
"1984","CO",300
"1948","CT",0
"1949","CT",0
"1950","CT",0
"1951","CT",0
"1952","CT",0
"1953","CT",0
"1954","CT",4
"1955","CT",1
"1956","CT",1
"1957","CT",0
"1958","CT",1
"1959","CT",0
"1960","CT",0
"1961","CT",7
"1962","CT",0
"1963","CT",0
"1964","CT",2
"1965","CT",2
"1966","CT",2
"1967","CT",6
"1968","CT",6
"1969","CT",11
"1970","CT",23
"1971","CT",50
"1972","CT",84
"1973","CT",262
"1974","CT",1154
"1975","CT",2167
"1976","CT",1992
"1977","CT",2083
"1978","CT",1830
"1979","CT",2239
"1980","CT",2091
"1981","CT",2212
"1982","CT",2170
"1983","CT",2098
"1984","CT",2147
"1948","DC",3
"1949","DC",8
"1950","DC",6
"1951","DC",5
"1952","DC",9
"1953","DC",7
"1954","DC",16
"1955","DC",12
"1956","DC",14
"1957","DC",8
"1958","DC",14
"1959","DC",23
"1960","DC",27
"1961","DC",25
"1962","DC",32
"1963","DC",37
"1964","DC",43
"1965","DC",51
"1966","DC",63
"1967","DC",70
"1968","DC",66
"1969","DC",78
"1970","DC",91
"1971","DC",92
"1972","DC",92
"1973","DC",179
"1974","DC",761
"1975","DC",1529
"1976","DC",1394
"1977","DC",1258
"1978","DC",1262
"1979","DC",1148
"1980","DC",1189
"1981","DC",1234
"1982","DC",1283
"1983","DC",1052
"1984","DC",979
"1948","DE",0
"1949","DE",0
"1950","DE",0
"1951","DE",0
"1952","DE",0
"1953","DE",0
"1954","DE",0
"1955","DE",0
"1956","DE",0
"1957","DE",1
"1958","DE",0
"1959","DE",0
"1960","DE",0
"1961","DE",0
"1962","DE",1
"1963","DE",1
"1964","DE",1
"1965","DE",2
"1966","DE",0
"1967","DE",1
"1968","DE",11
"1969","DE",5
"1970","DE",7
"1971","DE",10
"1972","DE",35
"1973","DE",95
"1974","DE",298
"1975","DE",551
"1976","DE",474
"1977","DE",440
"1978","DE",403
"1979","DE",469
"1980","DE",507
"1981","DE",484
"1982","DE",529
"1983","DE",478
"1984","DE",520
"1948","FL",0
"1949","FL",0
"1950","FL",0
"1951","FL",0
"1952","FL",0
"1953","FL",0
"1954","FL",0
"1955","FL",0
"1956","FL",1
"1957","FL",1
"1958","FL",0
"1959","FL",0
"1960","FL",0
"1961","FL",0
"1962","FL",2
"1963","FL",0
"1964","FL",0
"1965","FL",2
"1966","FL",1
"1967","FL",0
"1968","FL",0
"1969","FL",3
"1970","FL",1
"1971","FL",7
"1972","FL",6
"1973","FL",25
"1974","FL",121
"1975","FL",234
"1976","FL",257
"1977","FL",254
"1978","FL",310
"1979","FL",316
"1980","FL",374
"1981","FL",399
"1982","FL",444
"1983","FL",425
"1984","FL",472
"1948","GA",0
"1949","GA",0
"1950","GA",0
"1951","GA",0
"1952","GA",0
"1953","GA",0
"1954","GA",0
"1955","GA",0
"1956","GA",0
"1957","GA",0
"1958","GA",0
"1959","GA",0
"1960","GA",0
"1961","GA",0
"1962","GA",0
"1963","GA",0
"1964","GA",0
"1965","GA",0
"1966","GA",0
"1967","GA",0
"1968","GA",0
"1969","GA",0
"1970","GA",1
"1971","GA",2
"1972","GA",2
"1973","GA",12
"1974","GA",66
"1975","GA",151
"1976","GA",170
"1977","GA",147
"1978","GA",146
"1979","GA",181
"1980","GA",205
"1981","GA",214
"1982","GA",208
"1983","GA",208
"1984","GA",195
"1948","HI",0
"1949","HI",0
"1950","HI",0
"1951","HI",0
"1952","HI",0
"1953","HI",0
"1954","HI",0
"1955","HI",0
"1956","HI",0
"1957","HI",0
"1958","HI",0
"1959","HI",0
"1960","HI",0
"1961","HI",0
"1962","HI",0
"1963","HI",0
"1964","HI",0
"1965","HI",0
"1966","HI",0
"1967","HI",0
"1968","HI",0
"1969","HI",0
"1970","HI",0
"1971","HI",0
"1972","HI",0
"1973","HI",0
"1974","HI",6
"1975","HI",14
"1976","HI",8
"1977","HI",4
"1978","HI",5
"1979","HI",10
"1980","HI",8
"1981","HI",4
"1982","HI",3
"1983","HI",5
"1984","HI",6
"1948","IA",0
"1949","IA",0
"1950","IA",0
"1951","IA",0
"1952","IA",0
"1953","IA",0
"1954","IA",0
"1955","IA",0
"1956","IA",0
"1957","IA",0
"1958","IA",0
"1959","IA",0
"1960","IA",0
"1961","IA",0
"1962","IA",0
"1963","IA",0
"1964","IA",0
"1965","IA",0
"1966","IA",0
"1967","IA",0
"1968","IA",0
"1969","IA",0
"1970","IA",0
"1971","IA",1
"1972","IA",5
"1973","IA",16
"1974","IA",63
"1975","IA",114
"1976","IA",122
"1977","IA",114
"1978","IA",120
"1979","IA",154
"1980","IA",114
"1981","IA",103
"1982","IA",119
"1983","IA",105
"1984","IA",128
"1948","ID",0
"1949","ID",0
"1950","ID",0
"1951","ID",0
"1952","ID",0
"1953","ID",0
"1954","ID",0
"1955","ID",0
"1956","ID",0
"1957","ID",0
"1958","ID",0
"1959","ID",0
"1960","ID",0
"1961","ID",0
"1962","ID",0
"1963","ID",0
"1964","ID",0
"1965","ID",0
"1966","ID",0
"1967","ID",0
"1968","ID",0
"1969","ID",0
"1970","ID",0
"1971","ID",0
"1972","ID",0
"1973","ID",1
"1974","ID",10
"1975","ID",30
"1976","ID",30
"1977","ID",26
"1978","ID",29
"1979","ID",26
"1980","ID",37
"1981","ID",32
"1982","ID",22
"1983","ID",13
"1984","ID",14
"1948","IL",0
"1949","IL",0
"1950","IL",0
"1951","IL",1
"1952","IL",0
"1953","IL",1
"1954","IL",1
"1955","IL",0
"1956","IL",0
"1957","IL",0
"1958","IL",0
"1959","IL",0
"1960","IL",0
"1961","IL",0
"1962","IL",0
"1963","IL",0
"1964","IL",2
"1965","IL",6
"1966","IL",6
"1967","IL",3
"1968","IL",4
"1969","IL",12
"1970","IL",15
"1971","IL",50
"1972","IL",69
"1973","IL",275
"1974","IL",1688
"1975","IL",3247
"1976","IL",3351
"1977","IL",3192
"1978","IL",3032
"1979","IL",2869
"1980","IL",2882
"1981","IL",2651
"1982","IL",2666
"1983","IL",2555
"1984","IL",2492
"1948","IN",0
"1949","IN",0
"1950","IN",0
"1951","IN",0
"1952","IN",0
"1953","IN",0
"1954","IN",0
"1955","IN",0
"1956","IN",0
"1957","IN",0
"1958","IN",1
"1959","IN",0
"1960","IN",0
"1961","IN",0
"1962","IN",1
"1963","IN",0
"1964","IN",0
"1965","IN",3
"1966","IN",0
"1967","IN",0
"1968","IN",1
"1969","IN",4
"1970","IN",1
"1971","IN",10
"1972","IN",19
"1973","IN",81
"1974","IN",378
"1975","IN",616
"1976","IN",658
"1977","IN",585
"1978","IN",484
"1979","IN",549
"1980","IN",574
"1981","IN",587
"1982","IN",588
"1983","IN",539
"1984","IN",509
"1948","KS",0
"1949","KS",0
"1950","KS",0
"1951","KS",0
"1952","KS",0
"1953","KS",0
"1954","KS",0
"1955","KS",0
"1956","KS",0
"1957","KS",0
"1958","KS",0
"1959","KS",0
"1960","KS",0
"1961","KS",0
"1962","KS",0
"1963","KS",1
"1964","KS",0
"1965","KS",0
"1966","KS",0
"1967","KS",0
"1968","KS",0
"1969","KS",1
"1970","KS",5
"1971","KS",9
"1972","KS",7
"1973","KS",22
"1974","KS",184
"1975","KS",548
"1976","KS",665
"1977","KS",593
"1978","KS",448
"1979","KS",252
"1980","KS",216
"1981","KS",211
"1982","KS",249
"1983","KS",189
"1984","KS",230
"1948","KY",0
"1949","KY",0
"1950","KY",0
"1951","KY",0
"1952","KY",0
"1953","KY",0
"1954","KY",0
"1955","KY",0
"1956","KY",0
"1957","KY",0
"1958","KY",0
"1959","KY",0
"1960","KY",0
"1961","KY",0
"1962","KY",0
"1963","KY",0
"1964","KY",0
"1965","KY",0
"1966","KY",0
"1967","KY",0
"1968","KY",0
"1969","KY",0
"1970","KY",0
"1971","KY",4
"1972","KY",4
"1973","KY",18
"1974","KY",87
"1975","KY",183
"1976","KY",158
"1977","KY",167
"1978","KY",164
"1979","KY",163
"1980","KY",173
"1981","KY",181
"1982","KY",149
"1983","KY",164
"1984","KY",144
"1948","LA",0
"1949","LA",0
"1950","LA",0
"1951","LA",0
"1952","LA",0
"1953","LA",0
"1954","LA",0
"1955","LA",0
"1956","LA",0
"1957","LA",0
"1958","LA",0
"1959","LA",0
"1960","LA",0
"1961","LA",0
"1962","LA",0
"1963","LA",0
"1964","LA",0
"1965","LA",0
"1966","LA",1
"1967","LA",0
"1968","LA",0
"1969","LA",1
"1970","LA",1
"1971","LA",4
"1972","LA",1
"1973","LA",9
"1974","LA",37
"1975","LA",107
"1976","LA",98
"1977","LA",107
"1978","LA",94
"1979","LA",121
"1980","LA",99
"1981","LA",131
"1982","LA",132
"1983","LA",125
"1984","LA",141
"1948","MA",0
"1949","MA",0
"1950","MA",0
"1951","MA",0
"1952","MA",1
"1953","MA",0
"1954","MA",1
"1955","MA",0
"1956","MA",0
"1957","MA",0
"1958","MA",0
"1959","MA",0
"1960","MA",0
"1961","MA",2
"1962","MA",3
"1963","MA",3
"1964","MA",4
"1965","MA",2
"1966","MA",4
"1967","MA",3
"1968","MA",5
"1969","MA",5
"1970","MA",18
"1971","MA",27
"1972","MA",54
"1973","MA",161
"1974","MA",775
"1975","MA",1260
"1976","MA",1374
"1977","MA",1287
"1978","MA",1271
"1979","MA",1285
"1980","MA",1231
"1981","MA",1291
"1982","MA",1227
"1983","MA",1140
"1984","MA",1231
"1948","MB",0
"1949","MB",0
"1950","MB",0
"1951","MB",0
"1952","MB",0
"1953","MB",0
"1954","MB",0
"1955","MB",0
"1956","MB",0
"1957","MB",0
"1958","MB",0
"1959","MB",0
"1960","MB",0
"1961","MB",0
"1962","MB",0
"1963","MB",0
"1964","MB",0
"1965","MB",0
"1966","MB",0
"1967","MB",0
"1968","MB",0
"1969","MB",0
"1970","MB",0
"1971","MB",0
"1972","MB",0
"1973","MB",0
"1974","MB",7
"1975","MB",17
"1976","MB",10
"1977","MB",10
"1978","MB",10
"1979","MB",10
"1980","MB",11
"1981","MB",13
"1982","MB",10
"1983","MB",12
"1984","MB",17
"1948","MD",0
"1949","MD",0
"1950","MD",0
"1951","MD",1
"1952","MD",1
"1953","MD",0
"1954","MD",1
"1955","MD",1
"1956","MD",1
"1957","MD",1
"1958","MD",0
"1959","MD",0
"1960","MD",3
"1961","MD",0
"1962","MD",1
"1963","MD",1
"1964","MD",2
"1965","MD",3
"1966","MD",0
"1967","MD",1
"1968","MD",1
"1969","MD",0
"1970","MD",2
"1971","MD",2
"1972","MD",6
"1973","MD",25
"1974","MD",100
"1975","MD",156
"1976","MD",201
"1977","MD",160
"1978","MD",200
"1979","MD",187
"1980","MD",184
"1981","MD",150
"1982","MD",196
"1983","MD",182
"1984","MD",190
"1948","ME",0
"1949","ME",0
"1950","ME",0
"1951","ME",0
"1952","ME",0
"1953","ME",0
"1954","ME",0
"1955","ME",0
"1956","ME",0
"1957","ME",0
"1958","ME",0
"1959","ME",0
"1960","ME",0
"1961","ME",0
"1962","ME",0
"1963","ME",0
"1964","ME",0
"1965","ME",0
"1966","ME",0
"1967","ME",0
"1968","ME",0
"1969","ME",0
"1970","ME",0
"1971","ME",1
"1972","ME",1
"1973","ME",6
"1974","ME",15
"1975","ME",29
"1976","ME",25
"1977","ME",19
"1978","ME",15
"1979","ME",23
"1980","ME",31
"1981","ME",25
"1982","ME",31
"1983","ME",27
"1984","ME",27
"1948","MI",0
"1949","MI",0
"1950","MI",0
"1951","MI",0
"1952","MI",0
"1953","MI",0
"1954","MI",0
"1955","MI",0
"1956","MI",0
"1957","MI",0
"1958","MI",0
"1959","MI",1
"1960","MI",0
"1961","MI",3
"1962","MI",2
"1963","MI",0
"1964","MI",5
"1965","MI",3
"1966","MI",2
"1967","MI",4
"1968","MI",5
"1969","MI",8
"1970","MI",11
"1971","MI",33
"1972","MI",64
"1973","MI",243
"1974","MI",1067
"1975","MI",1954
"1976","MI",2091
"1977","MI",2206
"1978","MI",2197
"1979","MI",2098
"1980","MI",2207
"1981","MI",2013
"1982","MI",1934
"1983","MI",1751
"1984","MI",1808
"1948","MN",0
"1949","MN",0
"1950","MN",0
"1951","MN",0
"1952","MN",0
"1953","MN",0
"1954","MN",0
"1955","MN",0
"1956","MN",0
"1957","MN",0
"1958","MN",0
"1959","MN",0
"1960","MN",0
"1961","MN",1
"1962","MN",0
"1963","MN",1
"1964","MN",4
"1965","MN",0
"1966","MN",0
"1967","MN",1
"1968","MN",1
"1969","MN",1
"1970","MN",6
"1971","MN",17
"1972","MN",26
"1973","MN",80
"1974","MN",344
"1975","MN",694
"1976","MN",684
"1977","MN",696
"1978","MN",703
"1979","MN",734
"1980","MN",844
"1981","MN",812
"1982","MN",902
"1983","MN",816
"1984","MN",876
"1948","MO",0
"1949","MO",0
"1950","MO",0
"1951","MO",0
"1952","MO",0
"1953","MO",0
"1954","MO",0
"1955","MO",0
"1956","MO",0
"1957","MO",0
"1958","MO",0
"1959","MO",1
"1960","MO",0
"1961","MO",0
"1962","MO",0
"1963","MO",1
"1964","MO",0
"1965","MO",3
"1966","MO",0
"1967","MO",0
"1968","MO",0
"1969","MO",1
"1970","MO",3
"1971","MO",15
"1972","MO",25
"1973","MO",83
"1974","MO",352
"1975","MO",514
"1976","MO",562
"1977","MO",519
"1978","MO",563
"1979","MO",587
"1980","MO",494
"1981","MO",494
"1982","MO",414
"1983","MO",421
"1984","MO",423
"1948","MS",0
"1949","MS",0
"1950","MS",0
"1951","MS",0
"1952","MS",0
"1953","MS",0
"1954","MS",0
"1955","MS",0
"1956","MS",0
"1957","MS",0
"1958","MS",0
"1959","MS",0
"1960","MS",0
"1961","MS",0
"1962","MS",0
"1963","MS",0
"1964","MS",0
"1965","MS",0
"1966","MS",0
"1967","MS",0
"1968","MS",0
"1969","MS",0
"1970","MS",0
"1971","MS",3
"1972","MS",0
"1973","MS",2
"1974","MS",12
"1975","MS",13
"1976","MS",16
"1977","MS",41
"1978","MS",21
"1979","MS",24
"1980","MS",15
"1981","MS",26
"1982","MS",27
"1983","MS",14
"1984","MS",12
"1948","MT",0
"1949","MT",0
"1950","MT",0
"1951","MT",0
"1952","MT",0
"1953","MT",0
"1954","MT",0
"1955","MT",0
"1956","MT",0
"1957","MT",0
"1958","MT",0
"1959","MT",0
"1960","MT",0
"1961","MT",0
"1962","MT",0
"1963","MT",0
"1964","MT",0
"1965","MT",0
"1966","MT",0
"1967","MT",0
"1968","MT",0
"1969","MT",0
"1970","MT",0
"1971","MT",0
"1972","MT",0
"1973","MT",0
"1974","MT",5
"1975","MT",5
"1976","MT",10
"1977","MT",3
"1978","MT",10
"1979","MT",13
"1980","MT",9
"1981","MT",18
"1982","MT",22
"1983","MT",13
"1984","MT",12
"1948","NB",0
"1949","NB",0
"1950","NB",0
"1951","NB",0
"1952","NB",0
"1953","NB",0
"1954","NB",0
"1955","NB",0
"1956","NB",0
"1957","NB",0
"1958","NB",0
"1959","NB",0
"1960","NB",0
"1961","NB",0
"1962","NB",0
"1963","NB",0
"1964","NB",0
"1965","NB",0
"1966","NB",0
"1967","NB",0
"1968","NB",0
"1969","NB",0
"1970","NB",0
"1971","NB",0
"1972","NB",0
"1973","NB",0
"1974","NB",0
"1975","NB",1
"1976","NB",1
"1977","NB",0
"1978","NB",1
"1979","NB",2
"1980","NB",3
"1981","NB",5
"1982","NB",6
"1983","NB",7
"1984","NB",4
"1948","NC",0
"1949","NC",0
"1950","NC",0
"1951","NC",0
"1952","NC",0
"1953","NC",0
"1954","NC",0
"1955","NC",0
"1956","NC",0
"1957","NC",0
"1958","NC",0
"1959","NC",0
"1960","NC",0
"1961","NC",0
"1962","NC",0
"1963","NC",0
"1964","NC",0
"1965","NC",1
"1966","NC",0
"1967","NC",0
"1968","NC",1
"1969","NC",2
"1970","NC",2
"1971","NC",6
"1972","NC",13
"1973","NC",45
"1974","NC",155
"1975","NC",241
"1976","NC",288
"1977","NC",290
"1978","NC",304
"1979","NC",285
"1980","NC",294
"1981","NC",250
"1982","NC",264
"1983","NC",264
"1984","NC",250
"1948","ND",0
"1949","ND",0
"1950","ND",0
"1951","ND",0
"1952","ND",0
"1953","ND",0
"1954","ND",0
"1955","ND",0
"1956","ND",0
"1957","ND",0
"1958","ND",0
"1959","ND",0
"1960","ND",0
"1961","ND",0
"1962","ND",0
"1963","ND",0
"1964","ND",0
"1965","ND",0
"1966","ND",0
"1967","ND",0
"1968","ND",0
"1969","ND",0
"1970","ND",0
"1971","ND",0
"1972","ND",0
"1973","ND",2
"1974","ND",4
"1975","ND",10
"1976","ND",12
"1977","ND",12
"1978","ND",4
"1979","ND",15
"1980","ND",9
"1981","ND",11
"1982","ND",17
"1983","ND",16
"1984","ND",11
"1948","NE",0
"1949","NE",0
"1950","NE",0
"1951","NE",0
"1952","NE",0
"1953","NE",0
"1954","NE",0
"1955","NE",0
"1956","NE",0
"1957","NE",0
"1958","NE",0
"1959","NE",0
"1960","NE",0
"1961","NE",0
"1962","NE",0
"1963","NE",0
"1964","NE",0
"1965","NE",0
"1966","NE",0
"1967","NE",0
"1968","NE",0
"1969","NE",0
"1970","NE",0
"1971","NE",0
"1972","NE",1
"1973","NE",0
"1974","NE",0
"1975","NE",2
"1976","NE",6
"1977","NE",45
"1978","NE",44
"1979","NE",45
"1980","NE",49
"1981","NE",54
"1982","NE",59
"1983","NE",42
"1984","NE",45
"1948","NH",0
"1949","NH",0
"1950","NH",0
"1951","NH",0
"1952","NH",0
"1953","NH",0
"1954","NH",0
"1955","NH",0
"1956","NH",0
"1957","NH",0
"1958","NH",0
"1959","NH",0
"1960","NH",0
"1961","NH",0
"1962","NH",0
"1963","NH",0
"1964","NH",2
"1965","NH",1
"1966","NH",0
"1967","NH",3
"1968","NH",1
"1969","NH",2
"1970","NH",0
"1971","NH",3
"1972","NH",2
"1973","NH",10
"1974","NH",43
"1975","NH",92
"1976","NH",89
"1977","NH",100
"1978","NH",117
"1979","NH",106
"1980","NH",105
"1981","NH",87
"1982","NH",83
"1983","NH",117
"1984","NH",109
"1948","NJ",2
"1949","NJ",0
"1950","NJ",0
"1951","NJ",1
"1952","NJ",0
"1953","NJ",2
"1954","NJ",0
"1955","NJ",1
"1956","NJ",1
"1957","NJ",1
"1958","NJ",1
"1959","NJ",2
"1960","NJ",1
"1961","NJ",1
"1962","NJ",2
"1963","NJ",6
"1964","NJ",5
"1965","NJ",6
"1966","NJ",7
"1967","NJ",4
"1968","NJ",6
"1969","NJ",11
"1970","NJ",17
"1971","NJ",45
"1972","NJ",76
"1973","NJ",270
"1974","NJ",1228
"1975","NJ",2405
"1976","NJ",2345
"1977","NJ",2362
"1978","NJ",2339
"1979","NJ",2190
"1980","NJ",2178
"1981","NJ",2207
"1982","NJ",2457
"1983","NJ",2655
"1984","NJ",2759
"1948","NL",0
"1949","NL",0
"1950","NL",0
"1951","NL",0
"1952","NL",0
"1953","NL",0
"1954","NL",0
"1955","NL",0
"1956","NL",0
"1957","NL",0
"1958","NL",0
"1959","NL",0
"1960","NL",0
"1961","NL",0
"1962","NL",0
"1963","NL",0
"1964","NL",0
"1965","NL",0
"1966","NL",0
"1967","NL",0
"1968","NL",0
"1969","NL",0
"1970","NL",0
"1971","NL",0
"1972","NL",0
"1973","NL",3
"1974","NL",3
"1975","NL",3
"1976","NL",4
"1977","NL",10
"1978","NL",9
"1979","NL",11
"1980","NL",8
"1981","NL",7
"1982","NL",6
"1983","NL",7
"1984","NL",4
"1948","NM",0
"1949","NM",0
"1950","NM",0
"1951","NM",0
"1952","NM",0
"1953","NM",0
"1954","NM",0
"1955","NM",0
"1956","NM",0
"1957","NM",0
"1958","NM",0
"1959","NM",0
"1960","NM",0
"1961","NM",0
"1962","NM",0
"1963","NM",0
"1964","NM",0
"1965","NM",0
"1966","NM",0
"1967","NM",0
"1968","NM",0
"1969","NM",0
"1970","NM",0
"1971","NM",0
"1972","NM",0
"1973","NM",0
"1974","NM",6
"1975","NM",14
"1976","NM",7
"1977","NM",10
"1978","NM",16
"1979","NM",10
"1980","NM",20
"1981","NM",17
"1982","NM",25
"1983","NM",25
"1984","NM",21
"1948","NS",0
"1949","NS",0
"1950","NS",0
"1951","NS",0
"1952","NS",0
"1953","NS",0
"1954","NS",0
"1955","NS",0
"1956","NS",0
"1957","NS",0
"1958","NS",0
"1959","NS",0
"1960","NS",0
"1961","NS",0
"1962","NS",0
"1963","NS",0
"1964","NS",0
"1965","NS",0
"1966","NS",0
"1967","NS",0
"1968","NS",0
"1969","NS",0
"1970","NS",0
"1971","NS",0
"1972","NS",0
"1973","NS",0
"1974","NS",3
"1975","NS",2
"1976","NS",4
"1977","NS",8
"1978","NS",5
"1979","NS",7
"1980","NS",4
"1981","NS",6
"1982","NS",11
"1983","NS",4
"1984","NS",10
"1948","NT",0
"1949","NT",0
"1950","NT",0
"1951","NT",0
"1952","NT",0
"1953","NT",0
"1954","NT",0
"1955","NT",0
"1956","NT",0
"1957","NT",0
"1958","NT",0
"1959","NT",0
"1960","NT",0
"1961","NT",0
"1962","NT",0
"1963","NT",0
"1964","NT",0
"1965","NT",0
"1966","NT",0
"1967","NT",0
"1968","NT",0
"1969","NT",0
"1970","NT",0
"1971","NT",0
"1972","NT",0
"1973","NT",0
"1974","NT",0
"1975","NT",0
"1976","NT",0
"1977","NT",0
"1978","NT",0
"1979","NT",2
"1980","NT",0
"1981","NT",0
"1982","NT",0
"1983","NT",0
"1984","NT",0
"1948","NV",0
"1949","NV",0
"1950","NV",0
"1951","NV",0
"1952","NV",0
"1953","NV",0
"1954","NV",0
"1955","NV",0
"1956","NV",0
"1957","NV",0
"1958","NV",0
"1959","NV",0
"1960","NV",0
"1961","NV",0
"1962","NV",0
"1963","NV",0
"1964","NV",0
"1965","NV",0
"1966","NV",0
"1967","NV",0
"1968","NV",0
"1969","NV",0
"1970","NV",0
"1971","NV",1
"1972","NV",1
"1973","NV",2
"1974","NV",17
"1975","NV",20
"1976","NV",33
"1977","NV",32
"1978","NV",35
"1979","NV",25
"1980","NV",39
"1981","NV",36
"1982","NV",30
"1983","NV",22
"1984","NV",31
"1948","NY",0
"1949","NY",0
"1950","NY",0
"1951","NY",0
"1952","NY",3
"1953","NY",0
"1954","NY",0
"1955","NY",3
"1956","NY",2
"1957","NY",0
"1958","NY",2
"1959","NY",4
"1960","NY",3
"1961","NY",6
"1962","NY",9
"1963","NY",2
"1964","NY",8
"1965","NY",5
"1966","NY",8
"1967","NY",9
"1968","NY",14
"1969","NY",21
"1970","NY",55
"1971","NY",131
"1972","NY",224
"1973","NY",774
"1974","NY",3852
"1975","NY",6950
"1976","NY",6565
"1977","NY",6385
"1978","NY",6203
"1979","NY",6120
"1980","NY",6231
"1981","NY",5894
"1982","NY",5744
"1983","NY",5265
"1984","NY",4986
"1948","OH",0
"1949","OH",0
"1950","OH",0
"1951","OH",0
"1952","OH",0
"1953","OH",0
"1954","OH",0
"1955","OH",2
"1956","OH",0
"1957","OH",0
"1958","OH",0
"1959","OH",0
"1960","OH",0
"1961","OH",0
"1962","OH",0
"1963","OH",2
"1964","OH",1
"1965","OH",3
"1966","OH",0
"1967","OH",3
"1968","OH",6
"1969","OH",8
"1970","OH",26
"1971","OH",60
"1972","OH",94
"1973","OH",271
"1974","OH",1201
"1975","OH",2152
"1976","OH",2206
"1977","OH",2170
"1978","OH",2061
"1979","OH",1905
"1980","OH",2046
"1981","OH",1833
"1982","OH",1983
"1983","OH",1847
"1984","OH",1958
"1948","OK",0
"1949","OK",0
"1950","OK",0
"1951","OK",0
"1952","OK",0
"1953","OK",0
"1954","OK",0
"1955","OK",0
"1956","OK",2
"1957","OK",0
"1958","OK",1
"1959","OK",0
"1960","OK",0
"1961","OK",0
"1962","OK",0
"1963","OK",0
"1964","OK",0
"1965","OK",0
"1966","OK",0
"1967","OK",1
"1968","OK",0
"1969","OK",2
"1970","OK",8
"1971","OK",15
"1972","OK",29
"1973","OK",71
"1974","OK",272
"1975","OK",535
"1976","OK",520
"1977","OK",497
"1978","OK",573
"1979","OK",533
"1980","OK",573
"1981","OK",469
"1982","OK",577
"1983","OK",461
"1984","OK",524
"1948","ON",0
"1949","ON",0
"1950","ON",0
"1951","ON",0
"1952","ON",0
"1953","ON",0
"1954","ON",0
"1955","ON",0
"1956","ON",0
"1957","ON",0
"1958","ON",0
"1959","ON",0
"1960","ON",0
"1961","ON",0
"1962","ON",0
"1963","ON",0
"1964","ON",0
"1965","ON",0
"1966","ON",1
"1967","ON",0
"1968","ON",0
"1969","ON",2
"1970","ON",1
"1971","ON",5
"1972","ON",12
"1973","ON",34
"1974","ON",169
"1975","ON",322
"1976","ON",350
"1977","ON",360
"1978","ON",348
"1979","ON",366
"1980","ON",306
"1981","ON",387
"1982","ON",383
"1983","ON",328
"1984","ON",443
"1948","OR",0
"1949","OR",0
"1950","OR",0
"1951","OR",0
"1952","OR",0
"1953","OR",0
"1954","OR",0
"1955","OR",0
"1956","OR",0
"1957","OR",0
"1958","OR",0
"1959","OR",0
"1960","OR",0
"1961","OR",0
"1962","OR",1
"1963","OR",0
"1964","OR",0
"1965","OR",0
"1966","OR",0
"1967","OR",0
"1968","OR",0
"1969","OR",0
"1970","OR",0
"1971","OR",0
"1972","OR",4
"1973","OR",10
"1974","OR",63
"1975","OR",156
"1976","OR",151
"1977","OR",160
"1978","OR",177
"1979","OR",165
"1980","OR",181
"1981","OR",160
"1982","OR",214
"1983","OR",217
"1984","OR",209
"1948","PA",0
"1949","PA",0
"1950","PA",0
"1951","PA",0
"1952","PA",0
"1953","PA",0
"1954","PA",0
"1955","PA",0
"1956","PA",0
"1957","PA",2
"1958","PA",2
"1959","PA",1
"1960","PA",4
"1961","PA",4
"1962","PA",4
"1963","PA",7
"1964","PA",8
"1965","PA",1
"1966","PA",10
"1967","PA",5
"1968","PA",9
"1969","PA",19
"1970","PA",29
"1971","PA",63
"1972","PA",114
"1973","PA",373
"1974","PA",1379
"1975","PA",2557
"1976","PA",2594
"1977","PA",2345
"1978","PA",2305
"1979","PA",2013
"1980","PA",2151
"1981","PA",1910
"1982","PA",1973
"1983","PA",1753
"1984","PA",1927
"1948","PR",0
"1949","PR",0
"1950","PR",0
"1951","PR",0
"1952","PR",0
"1953","PR",0
"1954","PR",0
"1955","PR",0
"1956","PR",0
"1957","PR",0
"1958","PR",0
"1959","PR",0
"1960","PR",0
"1961","PR",0
"1962","PR",0
"1963","PR",0
"1964","PR",0
"1965","PR",0
"1966","PR",0
"1967","PR",0
"1968","PR",0
"1969","PR",0
"1970","PR",0
"1971","PR",0
"1972","PR",0
"1973","PR",1
"1974","PR",2
"1975","PR",6
"1976","PR",9
"1977","PR",4
"1978","PR",11
"1979","PR",8
"1980","PR",12
"1981","PR",11
"1982","PR",20
"1983","PR",9
"1984","PR",24
"1948","QC",0
"1949","QC",0
"1950","QC",0
"1951","QC",0
"1952","QC",0
"1953","QC",0
"1954","QC",0
"1955","QC",0
"1956","QC",0
"1957","QC",0
"1958","QC",0
"1959","QC",0
"1960","QC",0
"1961","QC",0
"1962","QC",0
"1963","QC",0
"1964","QC",0
"1965","QC",0
"1966","QC",0
"1967","QC",0
"1968","QC",0
"1969","QC",0
"1970","QC",0
"1971","QC",2
"1972","QC",2
"1973","QC",10
"1974","QC",110
"1975","QC",165
"1976","QC",194
"1977","QC",184
"1978","QC",188
"1979","QC",212
"1980","QC",197
"1981","QC",180
"1982","QC",199
"1983","QC",211
"1984","QC",242
"1948","RI",0
"1949","RI",0
"1950","RI",0
"1951","RI",0
"1952","RI",0
"1953","RI",0
"1954","RI",0
"1955","RI",0
"1956","RI",0
"1957","RI",0
"1958","RI",0
"1959","RI",0
"1960","RI",0
"1961","RI",0
"1962","RI",0
"1963","RI",0
"1964","RI",0
"1965","RI",0
"1966","RI",0
"1967","RI",0
"1968","RI",0
"1969","RI",0
"1970","RI",1
"1971","RI",5
"1972","RI",4
"1973","RI",8
"1974","RI",48
"1975","RI",134
"1976","RI",132
"1977","RI",141
"1978","RI",147
"1979","RI",123
"1980","RI",103
"1981","RI",82
"1982","RI",93
"1983","RI",105
"1984","RI",82
"1948","SC",0
"1949","SC",0
"1950","SC",0
"1951","SC",0
"1952","SC",0
"1953","SC",0
"1954","SC",0
"1955","SC",0
"1956","SC",0
"1957","SC",0
"1958","SC",0
"1959","SC",0
"1960","SC",0
"1961","SC",0
"1962","SC",0
"1963","SC",0
"1964","SC",0
"1965","SC",0
"1966","SC",0
"1967","SC",0
"1968","SC",0
"1969","SC",1
"1970","SC",2
"1971","SC",2
"1972","SC",4
"1973","SC",11
"1974","SC",64
"1975","SC",90
"1976","SC",120
"1977","SC",116
"1978","SC",111
"1979","SC",97
"1980","SC",82
"1981","SC",120
"1982","SC",128
"1983","SC",98
"1984","SC",108
"1948","SD",0
"1949","SD",0
"1950","SD",0
"1951","SD",0
"1952","SD",0
"1953","SD",0
"1954","SD",0
"1955","SD",0
"1956","SD",0
"1957","SD",0
"1958","SD",0
"1959","SD",0
"1960","SD",0
"1961","SD",0
"1962","SD",0
"1963","SD",0
"1964","SD",0
"1965","SD",0
"1966","SD",0
"1967","SD",0
"1968","SD",0
"1969","SD",0
"1970","SD",0
"1971","SD",0
"1972","SD",0
"1973","SD",2
"1974","SD",7
"1975","SD",9
"1976","SD",28
"1977","SD",12
"1978","SD",6
"1979","SD",7
"1980","SD",7
"1981","SD",8
"1982","SD",15
"1983","SD",12
"1984","SD",7
"1948","SK",0
"1949","SK",0
"1950","SK",0
"1951","SK",0
"1952","SK",0
"1953","SK",0
"1954","SK",0
"1955","SK",0
"1956","SK",0
"1957","SK",0
"1958","SK",0
"1959","SK",0
"1960","SK",0
"1961","SK",0
"1962","SK",0
"1963","SK",0
"1964","SK",0
"1965","SK",0
"1966","SK",0
"1967","SK",0
"1968","SK",0
"1969","SK",0
"1970","SK",0
"1971","SK",0
"1972","SK",0
"1973","SK",1
"1974","SK",3
"1975","SK",3
"1976","SK",3
"1977","SK",11
"1978","SK",9
"1979","SK",16
"1980","SK",5
"1981","SK",10
"1982","SK",14
"1983","SK",9
"1984","SK",10
"1948","TN",0
"1949","TN",0
"1950","TN",0
"1951","TN",0
"1952","TN",0
"1953","TN",0
"1954","TN",0
"1955","TN",0
"1956","TN",0
"1957","TN",0
"1958","TN",0
"1959","TN",0
"1960","TN",0
"1961","TN",0
"1962","TN",0
"1963","TN",0
"1964","TN",1
"1965","TN",0
"1966","TN",0
"1967","TN",0
"1968","TN",0
"1969","TN",0
"1970","TN",0
"1971","TN",4
"1972","TN",1
"1973","TN",6
"1974","TN",35
"1975","TN",69
"1976","TN",100
"1977","TN",103
"1978","TN",91
"1979","TN",121
"1980","TN",121
"1981","TN",133
"1982","TN",120
"1983","TN",123
"1984","TN",133
"1948","TX",0
"1949","TX",0
"1950","TX",0
"1951","TX",0
"1952","TX",0
"1953","TX",0
"1954","TX",0
"1955","TX",0
"1956","TX",0
"1957","TX",0
"1958","TX",0
"1959","TX",1
"1960","TX",0
"1961","TX",1
"1962","TX",2
"1963","TX",0
"1964","TX",3
"1965","TX",1
"1966","TX",0
"1967","TX",1
"1968","TX",4
"1969","TX",5
"1970","TX",11
"1971","TX",23
"1972","TX",48
"1973","TX",144
"1974","TX",635
"1975","TX",1055
"1976","TX",1118
"1977","TX",1142
"1978","TX",1114
"1979","TX",1159
"1980","TX",1227
"1981","TX",1252
"1982","TX",1324
"1983","TX",1287
"1984","TX",1565
"1948","UT",0
"1949","UT",0
"1950","UT",0
"1951","UT",0
"1952","UT",0
"1953","UT",0
"1954","UT",0
"1955","UT",0
"1956","UT",0
"1957","UT",0
"1958","UT",0
"1959","UT",0
"1960","UT",0
"1961","UT",0
"1962","UT",0
"1963","UT",0
"1964","UT",0
"1965","UT",0
"1966","UT",0
"1967","UT",0
"1968","UT",0
"1969","UT",0
"1970","UT",1
"1971","UT",3
"1972","UT",4
"1973","UT",5
"1974","UT",43
"1975","UT",76
"1976","UT",73
"1977","UT",61
"1978","UT",95
"1979","UT",82
"1980","UT",80
"1981","UT",101
"1982","UT",95
"1983","UT",121
"1984","UT",104
"1948","VA",0
"1949","VA",0
"1950","VA",0
"1951","VA",0
"1952","VA",0
"1953","VA",0
"1954","VA",0
"1955","VA",0
"1956","VA",0
"1957","VA",0
"1958","VA",0
"1959","VA",0
"1960","VA",0
"1961","VA",0
"1962","VA",0
"1963","VA",0
"1964","VA",3
"1965","VA",0
"1966","VA",0
"1967","VA",0
"1968","VA",0
"1969","VA",1
"1970","VA",6
"1971","VA",7
"1972","VA",12
"1973","VA",63
"1974","VA",216
"1975","VA",301
"1976","VA",266
"1977","VA",275
"1978","VA",277
"1979","VA",321
"1980","VA",317
"1981","VA",281
"1982","VA",310
"1983","VA",302
"1984","VA",312
"1948","VT",0
"1949","VT",0
"1950","VT",0
"1951","VT",0
"1952","VT",0
"1953","VT",0
"1954","VT",0
"1955","VT",0
"1956","VT",0
"1957","VT",0
"1958","VT",0
"1959","VT",0
"1960","VT",0
"1961","VT",0
"1962","VT",0
"1963","VT",1
"1964","VT",0
"1965","VT",0
"1966","VT",0
"1967","VT",0
"1968","VT",0
"1969","VT",0
"1970","VT",0
"1971","VT",0
"1972","VT",0
"1973","VT",4
"1974","VT",20
"1975","VT",26
"1976","VT",21
"1977","VT",27
"1978","VT",24
"1979","VT",38
"1980","VT",27
"1981","VT",26
"1982","VT",19
"1983","VT",27
"1984","VT",29
"1948","WA",0
"1949","WA",0
"1950","WA",0
"1951","WA",0
"1952","WA",0
"1953","WA",0
"1954","WA",0
"1955","WA",0
"1956","WA",0
"1957","WA",0
"1958","WA",0
"1959","WA",0
"1960","WA",0
"1961","WA",0
"1962","WA",0
"1963","WA",1
"1964","WA",0
"1965","WA",0
"1966","WA",0
"1967","WA",0
"1968","WA",1
"1969","WA",0
"1970","WA",2
"1971","WA",2
"1972","WA",9
"1973","WA",34
"1974","WA",137
"1975","WA",265
"1976","WA",298
"1977","WA",316
"1978","WA",308
"1979","WA",326
"1980","WA",343
"1981","WA",310
"1982","WA",317
"1983","WA",356
"1984","WA",348
"1948","WI",0
"1949","WI",0
"1950","WI",0
"1951","WI",0
"1952","WI",0
"1953","WI",0
"1954","WI",0
"1955","WI",0
"1956","WI",0
"1957","WI",0
"1958","WI",0
"1959","WI",0
"1960","WI",0
"1961","WI",0
"1962","WI",0
"1963","WI",0
"1964","WI",1
"1965","WI",0
"1966","WI",0
"1967","WI",0
"1968","WI",0
"1969","WI",1
"1970","WI",2
"1971","WI",6
"1972","WI",18
"1973","WI",48
"1974","WI",295
"1975","WI",672
"1976","WI",663
"1977","WI",602
"1978","WI",567
"1979","WI",541
"1980","WI",597
"1981","WI",625
"1982","WI",584
"1983","WI",573
"1984","WI",609
"1948","WV",0
"1949","WV",0
"1950","WV",0
"1951","WV",0
"1952","WV",0
"1953","WV",0
"1954","WV",0
"1955","WV",0
"1956","WV",0
"1957","WV",0
"1958","WV",0
"1959","WV",0
"1960","WV",0
"1961","WV",0
"1962","WV",0
"1963","WV",0
"1964","WV",0
"1965","WV",0
"1966","WV",0
"1967","WV",0
"1968","WV",0
"1969","WV",0
"1970","WV",0
"1971","WV",0
"1972","WV",0
"1973","WV",2
"1974","WV",5
"1975","WV",17
"1976","WV",29
"1977","WV",24
"1978","WV",22
"1979","WV",31
"1980","WV",25
"1981","WV",27
"1982","WV",27
"1983","WV",34
"1984","WV",29
"1948","WY",0
"1949","WY",0
"1950","WY",0
"1951","WY",0
"1952","WY",0
"1953","WY",0
"1954","WY",0
"1955","WY",0
"1956","WY",0
"1957","WY",0
"1958","WY",0
"1959","WY",0
"1960","WY",0
"1961","WY",0
"1962","WY",0
"1963","WY",0
"1964","WY",0
"1965","WY",0
"1966","WY",0
"1967","WY",0
"1968","WY",0
"1969","WY",0
"1970","WY",0
"1971","WY",0
"1972","WY",0
"1973","WY",1
"1974","WY",9
"1975","WY",21
"1976","WY",22
"1977","WY",10
"1978","WY",14
"1979","WY",10
"1980","WY",16
"1981","WY",9
"1982","WY",11
"1983","WY",7
"1984","WY",6
